PlayerID,FirstName,LastName,Pos,Exp,Height,Weight,Cur,Max,College,Team,Health,Volatility,MaxSpeedCur,MaxSpeedMax,AccelerationCur,AccelerationMax,StrengthCur,StrengthMax,IntelligenceCur,IntelligenceMax,DisciplineCur,DisciplineMax,PassAccuracyCur,PassAccuracyMax,HardCountCur,HardCountMax,ArmStrengthCur,ArmStrengthMax,PassingReleaseCur,PassingReleaseMax,LookOffDefCur,LookOffDefMax,ScramblingSkillCur,ScramblingSkillMax,FieldOfVisionCur,FieldOfVisionMax,PassCatchingCur,PassCatchingMax,B&RAvoidanceCur,B&RAvoidanceMax,RouteRunningCur,RouteRunningMax,PassRecCourageCur,PassRecCourageMax,TackleAbilityCur,TackleAbilityMax,StripBallCur,StripBallMax,BreakTackleCur,BreakTackleMax,BallCarryingCur,BallCarryingMax,AvoidFumbleCur,AvoidFumbleMax,RunBlockingCur,RunBlockingMax,PassBlockingCur,PassBlockingMax,ShortSnappingCur,ShortSnappingMax,LongSnappingCur,LongSnappingMax,PassRushCur,PassRushMax,RunDefenseCur,RunDefenseMax,PuntStrengthCur,PuntStrengthMax,PuntAccuracyCur,PuntAccuracyMax,KickStrengthCur,KickStrengthMax,KickAccuracyCur,KickAccuracyMax,KickHoldingCur,KickHoldingMax,PuntTimingCur,PuntTimingMax,KickCatchingCur,KickCatchingMax,PunishReceiverCur,PunishReceiverMax,ZoneCoverageCur,ZoneCoverageMax,M2MCoverageCur,M2MCoverageMax,B&RCoverageCur,B&RCoverageMax
12006,Fred,McKenzie,RDE,Draft,77,276,43,94,Other,"Draft Eligible",,26,83,83,83,83,100,100,95,95,96,96,4,17,31,31,36,36,21,21,6,24,42,42,19,34,10,41,9,35,8,31,24,24,25,100,4,18,12,18,12,21,5,19,10,21,9,27,18,18,34,34,25,100,94,100,8,34,7,29,11,25,9,21,28,28,7,18,24,24,25,100,17,69,39,79,14,56
12115,Robert,Raynor,RB,Draft,71,198,30,92,Louisville,"Draft Eligible",,74,90,90,95,95,90,90,95,95,89,89,10,40,21,21,20,20,24,24,5,22,27,27,14,14,25,99,25,100,40,98,95,95,15,34,1,6,25,100,30,100,25,99,44,75,24,46,26,26,25,25,7,26,7,14,14,28,14,28,17,32,10,39,29,29,7,28,92,92,24,38,7,26,6,25,18,29
12214,Brian,White,QB,Draft,75,223,31,92,Stanford,"Draft Eligible",,34,57,57,55,55,35,35,96,96,98,98,34,100,82,82,100,100,92,92,25,100,56,56,25,100,14,32,14,28,5,19,24,24,4,17,18,24,39,73,6,26,44,94,8,20,12,20,30,30,31,31,3,12,8,33,6,24,7,26,14,20,4,17,54,54,14,26,41,41,2,8,6,24,7,29,3,8
12157,Lamont,Weller,RT,Draft,78,330,52,90,Tennessee,"Draft Eligible",,86,75,75,67,67,90,90,86,86,84,84,7,28,27,27,32,32,18,18,8,23,21,21,11,37,11,28,12,31,6,26,21,21,9,18,15,24,7,29,13,23,15,27,75,100,87,100,76,76,49,49,5,22,11,24,7,23,6,24,5,21,8,30,31,31,6,26,33,33,25,26,6,25,6,22,14,29
12231,Curtis,Torres,QB,Draft,72,226,36,90,"Ohio State","Draft Eligible",,30,57,57,72,72,11,11,91,91,98,98,32,100,53,53,90,90,89,89,76,100,35,35,25,100,7,30,21,29,3,12,32,32,6,24,6,26,9,35,27,48,16,64,22,26,19,26,24,24,29,29,8,32,5,14,7,19,4,13,8,32,5,20,70,70,9,10,23,23,15,30,17,22,8,30,9,23
12021,Jonathan,Wilson,RDE,Draft,78,263,38,90,Pittsburgh,"Draft Eligible",,44,79,79,76,76,96,96,93,93,86,86,9,28,10,10,44,44,26,26,15,28,25,25,12,26,27,34,4,15,25,26,34,34,25,100,13,41,10,30,8,33,14,26,4,15,9,35,25,25,37,37,25,100,64,100,8,19,9,37,5,21,11,26,29,29,6,24,26,26,15,45,25,69,28,86,7,12
12207,Lewis,Gomez,CB,Draft,71,215,34,87,Florida,"Draft Eligible",,22,92,92,79,79,64,64,90,90,100,100,8,20,34,34,23,23,45,45,16,31,29,29,27,35,7,28,8,16,16,28,23,23,25,100,31,50,6,24,6,22,77,100,10,23,10,32,30,30,28,28,8,31,25,100,6,22,6,26,2,6,7,23,28,28,13,34,56,56,25,100,25,100,53,100,25,100
12147,Raymond,Searcy,LG,Draft,74,323,41,86,Baylor,"Draft Eligible",,82,73,73,71,71,91,91,93,93,80,80,8,25,26,26,23,23,29,29,5,20,29,29,10,17,10,31,12,21,8,18,25,25,5,22,4,14,6,24,10,19,7,29,23,93,71,92,43,43,95,95,12,23,12,20,6,23,3,11,8,32,10,22,17,17,8,27,22,22,9,18,6,22,6,19,5,19
12238,Travis,Norman,MLB,Draft,74,244,38,86,Nebraska,"Draft Eligible",,40,75,75,67,67,96,96,90,90,80,80,7,28,17,17,33,33,6,6,15,30,20,20,2,4,20,24,2,9,2,8,24,24,42,92,13,54,5,21,4,16,8,24,7,30,18,26,37,37,26,26,36,100,34,87,6,25,6,25,5,20,8,24,22,22,14,29,28,28,94,94,22,88,25,98,34,45
12094,Benjamin,Jones,WR,Draft,73,195,33,84,Tulsa,"Draft Eligible",,48,94,94,88,88,76,76,80,80,88,88,6,26,24,24,16,16,15,15,19,27,18,18,5,20,20,78,21,86,23,92,70,70,16,29,7,26,6,23,25,100,22,90,48,98,7,18,22,22,25,25,2,7,5,18,11,32,5,19,18,25,8,22,16,16,4,17,48,48,8,22,5,20,13,23,6,22
12136,David,Lamb,RG,Draft,75,337,32,84,"Southern California","Draft Eligible",,64,62,62,71,71,100,100,73,73,86,86,19,23,33,33,10,10,14,14,4,17,19,19,3,13,7,17,16,26,10,25,29,29,8,19,10,22,5,19,7,27,9,19,20,80,25,100,38,38,33,33,5,20,11,29,9,25,4,17,6,24,6,25,34,34,21,24,21,21,10,27,6,22,6,23,5,20
12148,Roderick,Uribe,WR,Draft,73,193,39,84,Wisconsin,"Draft Eligible",,44,86,86,79,79,81,81,75,75,90,90,8,14,19,19,26,26,9,9,6,22,25,25,11,24,45,89,53,91,52,83,87,87,7,27,10,14,12,24,20,82,45,95,29,47,5,14,10,10,19,19,7,24,7,27,6,16,8,32,4,17,7,27,19,19,6,24,31,31,7,28,9,27,7,23,6,26
12233,Walter,Wiggins,WR,Draft,71,196,35,83,Other,"Draft Eligible",,46,95,95,92,92,61,61,78,78,63,63,6,15,16,16,17,17,11,11,10,19,17,17,5,22,21,84,23,84,26,70,98,98,11,19,6,14,3,13,17,67,9,34,30,65,8,18,11,11,28,28,4,15,7,11,6,12,4,16,6,16,4,10,16,16,7,23,16,16,5,20,4,17,2,8,4,15
12281,Dustin,Michael,RB,Draft,71,214,33,83,"Florida State","Draft Eligible",,20,82,82,86,86,94,94,72,72,92,92,7,26,12,12,33,33,22,22,6,25,23,23,5,22,29,70,30,59,66,97,78,78,6,25,4,15,20,81,38,90,36,92,23,91,22,89,25,25,10,10,4,16,16,17,7,30,14,27,8,23,11,22,9,9,9,20,50,50,6,25,5,18,5,12,5,19
12030,Oscar,Carrigan,TE,Draft,77,258,35,83,"North Carolina State","Draft Eligible",,80,85,85,72,72,74,74,93,93,73,73,7,27,21,21,25,25,23,23,5,19,22,22,8,23,49,83,36,96,44,84,86,86,22,30,2,9,51,85,45,96,21,83,20,82,23,93,20,20,40,40,14,30,7,22,11,27,13,27,6,23,5,19,29,29,17,22,34,34,6,22,8,25,6,25,12,19
12170,Edward,Lowe,P,Draft,74,222,37,82,"Oklahoma State","Draft Eligible",,100,31,31,55,55,56,56,20,20,13,13,18,22,23,23,19,19,20,20,30,30,21,21,16,22,15,18,13,19,21,27,25,25,16,23,17,24,24,30,12,18,27,32,19,27,11,15,23,23,20,20,23,31,18,19,62,88,67,93,15,21,20,25,99,99,58,83,17,17,9,13,10,13,30,33,21,30
11983,Stephen,Read,P,Draft,73,214,38,82,"Oregon State","Draft Eligible",,6,12,12,38,38,36,36,68,68,96,96,18,19,8,8,22,22,20,20,13,18,22,22,17,25,15,21,17,18,16,22,18,18,18,25,14,20,16,23,16,18,18,24,16,23,19,27,23,23,22,22,17,25,9,11,74,98,59,84,16,22,15,21,27,27,56,80,28,28,13,19,12,17,19,25,19,28
11939,Gregg,Griffin,MLB,Draft,72,243,33,81,"Southern California","Draft Eligible",,54,60,60,87,87,97,97,72,72,75,75,20,25,27,27,15,15,27,27,8,23,13,13,4,15,2,9,5,20,7,21,12,12,24,90,37,62,5,20,5,19,5,21,7,26,6,25,16,16,19,19,16,64,25,79,2,7,9,15,4,13,6,22,23,23,6,12,21,21,20,78,28,86,22,87,33,39
11950,Carl,Berkman,RB,Draft,72,215,31,81,"North Carolina State","Draft Eligible",,18,71,71,92,92,72,72,80,80,99,99,11,22,25,25,26,26,21,21,6,26,21,21,4,18,21,84,18,72,60,72,87,87,6,25,5,18,21,84,24,96,39,81,39,60,62,62,17,17,24,24,4,14,5,20,7,21,5,19,14,21,7,26,29,29,13,27,66,66,4,17,6,24,6,23,4,15
12017,Mark,Southern,FS,Draft,73,219,29,81,Kansas,"Draft Eligible",,12,75,75,90,90,74,74,95,95,77,77,3,11,19,19,27,27,20,20,5,12,27,27,6,19,6,22,6,23,8,20,16,16,21,84,18,73,5,19,7,28,25,86,7,27,11,19,12,12,20,20,9,38,20,78,8,23,14,28,4,16,3,11,22,22,12,21,16,16,18,72,20,81,25,98,24,81
12111,Paul,Perez,CB,Draft,73,217,34,80,"West Virginia","Draft Eligible",,88,73,73,75,75,31,31,95,95,86,86,10,32,31,31,41,41,23,23,16,22,21,21,7,27,6,24,8,30,5,18,18,18,95,95,8,31,22,29,4,16,25,96,7,27,7,27,24,24,22,22,21,85,31,96,20,28,5,21,3,13,6,26,24,24,10,22,80,80,34,98,24,96,64,98,25,99
11998,John,Keel,RDE,Draft,76,282,33,80,Arkansas,"Draft Eligible",,98,78,78,76,76,78,78,82,82,74,74,4,17,17,17,18,18,20,20,6,23,22,22,11,20,7,27,7,22,7,23,26,26,23,91,17,68,5,19,5,20,11,19,7,29,5,14,29,29,23,23,23,93,48,72,11,12,9,21,5,20,3,11,23,23,6,25,20,20,27,29,6,24,11,43,8,23
12116,Paul,Shelly,SS,Draft,70,217,30,79,"Southern California","Draft Eligible",,56,69,69,92,92,73,73,70,70,71,71,20,23,18,18,22,22,27,27,4,18,26,26,6,25,4,18,7,17,3,11,13,13,16,65,11,21,6,21,5,21,20,80,5,19,11,32,25,25,15,15,23,92,25,98,5,20,3,12,8,28,11,22,13,13,19,28,17,17,25,98,23,93,23,91,44,84
12195,David,Colosimo,RDE,Draft,74,263,35,79,"Southern California","Draft Eligible",,72,78,78,72,72,73,73,69,69,78,78,5,10,20,20,20,20,15,15,7,14,18,18,2,7,16,24,11,21,4,17,11,11,50,78,18,62,13,31,6,22,12,22,2,8,5,15,19,19,23,23,52,95,24,94,6,24,2,9,4,14,5,20,21,21,8,21,22,22,40,70,19,75,41,89,13,52
11944,Mitchell,Allen,WR,Draft,73,189,32,79,"Southern Mississippi","Draft Eligible",,18,83,83,79,79,86,86,86,86,65,65,4,18,15,15,17,17,17,17,6,23,21,21,5,19,22,89,18,71,22,87,68,68,5,18,4,14,6,24,28,100,55,96,16,64,14,24,19,19,28,28,10,20,8,19,7,15,4,14,5,18,7,12,32,32,5,12,70,70,5,20,5,20,5,21,9,15
12216,Willard,Knoll,MLB,Draft,74,246,34,79,Pittsburgh,"Draft Eligible",,58,70,70,71,71,90,90,71,71,74,74,9,15,21,21,22,22,21,21,18,23,17,17,5,17,6,23,13,20,6,25,20,20,43,77,18,70,4,11,6,24,9,20,4,16,6,26,26,26,23,23,30,86,27,89,4,14,17,21,4,17,10,23,19,19,24,30,26,26,17,58,39,66,22,86,7,27
11994,Matthew,Wood,FB,Draft,71,241,26,79,Pittsburgh,"Draft Eligible",,82,73,73,66,66,79,79,85,85,92,92,26,28,17,17,20,20,29,29,6,24,21,21,5,20,17,69,14,55,15,60,89,89,8,26,6,22,20,82,25,100,19,77,24,95,24,95,28,28,25,25,7,28,8,29,6,16,13,20,5,21,23,23,14,14,3,14,20,20,7,26,12,22,8,17,5,15
12108,Robert,Bivens,DT,Draft,75,306,27,78,California,"Draft Eligible",,8,61,61,60,60,72,72,72,72,79,79,16,19,31,31,23,23,18,18,6,22,30,30,8,28,6,22,15,22,15,16,21,21,33,90,26,66,6,13,5,22,19,19,7,27,10,16,15,15,15,15,23,92,22,87,7,28,6,22,12,22,9,23,16,16,3,13,16,16,6,24,7,28,5,20,10,12
12155,Antonio,Delcastillo,FS,Draft,71,202,30,78,Rhode,"Draft Eligible",,66,75,75,72,72,72,72,87,87,73,73,7,19,26,26,19,19,28,28,5,15,14,14,11,15,12,22,8,13,4,9,24,24,18,70,23,93,11,22,4,18,34,84,13,16,5,20,13,13,20,20,10,42,22,89,3,13,9,24,4,17,6,22,19,19,7,17,37,37,27,83,43,80,30,78,56,96
11977,Alexander,Shead,MLB,Draft,74,249,32,78,"Texas Christian","Draft Eligible",,2,70,70,79,79,99,99,89,89,72,72,10,24,21,21,14,14,21,21,3,14,20,20,6,23,13,24,13,24,4,15,20,20,17,67,14,38,3,14,6,23,8,21,14,22,15,21,23,23,23,23,19,75,23,66,4,16,7,27,8,17,7,29,16,16,6,24,20,20,24,94,15,62,21,83,41,80
12236,Robert,Patton,CB,Draft,74,197,29,78,Maryland,"Draft Eligible",,72,68,68,92,92,32,32,95,95,98,98,9,16,20,20,13,13,22,22,5,15,27,27,5,18,16,25,14,22,10,14,15,15,23,74,19,75,5,18,2,5,44,95,8,32,25,27,19,19,13,13,12,22,16,59,5,20,4,17,5,22,14,15,14,14,8,12,11,11,15,58,19,77,21,82,23,91
11984,Richard,Joseph,K,Draft,73,202,45,78,"Southern California","Draft Eligible",,74,14,14,61,61,88,88,74,74,72,72,16,22,12,12,15,15,19,19,8,11,17,17,10,14,14,20,15,22,14,20,16,16,9,11,13,16,9,13,14,20,8,12,8,12,14,20,18,18,13,13,10,13,16,18,16,23,8,11,85,100,50,57,15,15,17,22,13,13,17,20,11,16,10,11,12,13
12150,Ernest,Percy,RB,Draft,69,217,32,77,"Notre Dame","Draft Eligible",,84,75,75,85,85,67,67,74,74,63,63,3,14,14,14,14,14,17,17,4,18,7,7,6,14,30,69,15,60,12,46,99,99,3,13,13,18,29,93,36,100,73,81,10,39,24,96,25,25,18,18,4,18,5,19,8,18,4,15,6,20,11,20,28,28,16,26,78,78,11,23,4,17,6,25,5,21
12033,Louis,Gabriel,CB,Draft,70,221,29,76,"Jackson State","Draft Eligible",,22,71,71,69,69,77,77,78,78,78,78,3,11,12,12,26,26,18,18,8,32,22,22,16,32,6,24,7,28,16,18,21,21,22,88,21,62,7,30,12,16,25,100,6,26,5,19,18,18,19,19,17,69,27,99,3,14,5,21,5,12,8,32,33,33,6,25,77,77,32,93,21,84,23,93,44,94
11952,Darren,Wilson,C,Draft,74,287,36,76,Iowa,"Draft Eligible",,24,70,70,73,73,78,78,84,84,87,87,10,24,14,14,17,17,16,16,5,20,21,21,21,21,5,20,5,20,6,25,18,18,4,15,6,26,4,15,4,17,8,18,24,97,15,59,72,72,55,55,19,20,5,20,5,22,5,20,7,29,5,20,19,19,5,18,21,21,10,21,10,21,4,18,9,23
11961,Charles,Kruse,MLB,Draft,72,241,28,76,"Notre Dame","Draft Eligible",,72,57,57,74,74,58,58,66,66,93,93,5,18,5,5,13,13,17,17,4,15,15,15,6,24,10,15,4,16,3,12,17,17,25,100,10,38,6,25,4,16,5,19,17,25,4,14,11,11,11,11,4,15,46,100,5,15,5,13,5,19,9,16,10,10,5,20,18,18,16,65,25,100,21,84,41,92
12221,Anthony,Gray,RB,Draft,71,214,31,76,Georgia,"Draft Eligible",,36,88,88,70,70,72,72,57,57,65,65,3,13,16,16,12,12,10,10,12,15,16,16,8,17,64,93,62,67,17,68,79,79,4,13,5,19,23,90,13,51,42,88,7,28,11,43,12,12,9,9,4,17,7,18,3,11,4,17,4,16,3,14,16,16,3,12,14,14,3,13,11,18,3,13,6,23
12222,Merle,Rome,WR,Draft,73,200,31,76,"Eastern Illinois","Draft Eligible",,12,64,64,94,94,76,76,78,78,65,65,22,22,10,10,17,17,8,8,3,11,13,13,3,12,21,43,23,74,25,100,87,87,2,5,4,15,2,9,20,81,37,82,29,91,8,11,10,10,13,13,6,11,5,13,12,20,6,13,5,19,5,22,19,19,4,12,93,93,4,11,4,15,11,15,4,15
12061,Clarence,Cumbie,P,Draft,75,205,39,75,UCLA,"Draft Eligible",,74,28,28,55,55,25,25,71,71,23,23,17,25,16,16,21,21,23,23,11,12,19,19,4,6,12,17,18,20,11,16,20,20,14,18,13,17,15,22,14,18,16,23,13,19,11,14,27,27,18,18,9,13,18,26,59,85,76,89,20,28,21,25,99,99,54,65,20,20,12,17,14,17,17,23,15,21
12064,Chauncey,Gabel,MLB,Draft,73,247,35,75,Kentucky,"Draft Eligible",,18,71,71,74,74,97,97,64,64,94,94,10,21,25,25,26,26,11,11,3,11,18,18,14,18,3,13,3,14,7,19,31,31,47,63,4,15,4,17,5,19,6,18,5,18,9,13,23,23,21,21,34,65,22,70,5,19,4,15,8,21,5,14,19,19,4,17,28,28,31,88,22,70,45,74,20,79
12171,Ivan,Epps,LG,Draft,75,313,30,75,Morningside,"Draft Eligible",,48,60,60,57,57,58,58,97,97,79,79,7,14,15,15,15,15,18,18,5,19,19,19,14,21,2,10,5,19,7,16,11,11,8,11,7,12,5,18,4,18,6,16,30,76,25,100,74,74,92,92,6,20,12,16,3,12,12,12,9,13,3,14,12,12,4,17,20,20,3,11,6,15,5,21,17,23
11963,Dwayne,Harkey,P,Draft,74,196,38,75,"Florida A&M","Draft Eligible",,4,74,74,49,49,65,65,12,12,81,81,13,19,26,26,13,13,19,19,12,18,14,14,14,17,15,17,9,11,13,17,22,22,17,24,16,23,10,13,13,18,15,21,12,14,16,23,17,17,19,19,13,19,10,14,63,81,86,91,11,12,10,14,68,68,54,75,18,18,14,20,10,14,10,14,6,8
11965,Bruce,Caskey,WLB,Draft,74,238,28,75,"Brigham Young","Draft Eligible",,42,67,67,85,85,56,56,72,72,86,86,5,19,20,20,16,16,10,10,2,9,17,17,9,21,5,15,4,17,3,11,19,19,34,77,8,32,4,15,5,13,5,17,4,17,6,14,21,21,17,17,10,38,25,100,7,19,6,23,5,21,6,22,15,15,7,16,19,19,10,42,21,83,21,86,55,82
12226,James,Hayden,DT,Draft,73,302,37,75,"Notre Dame","Draft Eligible",,52,51,51,69,69,98,98,79,79,92,92,5,18,12,12,20,20,9,9,4,17,17,17,2,10,2,10,2,9,17,18,18,18,28,72,14,55,3,13,12,17,13,19,4,18,3,13,12,12,15,15,79,100,23,48,3,11,7,17,13,14,13,19,14,14,6,21,8,8,62,87,7,27,31,62,22,89
11978,William,Petersen,RDE,Draft,76,270,33,75,Other,"Draft Eligible",,46,82,82,80,80,91,91,77,77,79,79,19,25,23,23,20,20,30,30,18,20,31,31,5,20,3,11,7,26,5,20,21,21,25,72,15,58,25,31,20,33,8,32,9,20,5,19,24,24,31,31,19,74,14,57,7,26,6,24,6,25,5,21,22,22,15,25,18,18,6,19,18,70,7,29,20,40
12096,Steven,Hancock,LG,Draft,77,320,32,74,Washington,"Draft Eligible",,58,77,77,75,75,81,81,85,85,67,67,8,15,18,18,21,21,18,18,13,23,24,24,5,20,7,18,4,16,5,19,20,20,13,29,6,24,6,23,6,25,5,21,29,70,20,74,65,65,79,79,4,18,3,10,4,18,10,20,4,15,10,22,14,14,6,9,17,17,6,21,5,21,6,21,7,27
12100,Kenneth,McCormick,WR,Draft,74,210,33,74,Washington,"Draft Eligible",,30,66,66,62,62,94,94,63,63,97,97,6,14,15,15,23,23,18,18,8,24,13,13,5,19,40,77,38,78,39,83,84,84,18,24,5,22,6,19,27,99,17,60,8,31,10,23,19,19,22,22,9,25,5,21,10,16,11,23,4,16,3,7,12,12,9,23,87,87,12,18,14,28,5,20,16,21
12176,Grant,Spry,RT,Draft,77,318,28,74,Syracuse,"Draft Eligible",,92,61,61,63,63,67,67,94,94,80,80,7,23,14,14,25,25,11,11,8,18,17,17,5,19,5,14,4,14,3,14,19,19,6,23,11,17,6,19,7,20,9,19,24,97,16,63,42,42,43,43,7,28,11,27,5,18,15,22,6,26,8,20,25,25,3,11,18,18,6,18,6,24,3,12,10,17
12182,Nathanial,Gongora,RB,Draft,70,235,30,74,Pittsburgh,"Draft Eligible",,72,73,73,86,86,78,78,56,56,49,49,4,17,16,16,11,11,21,21,4,16,17,17,6,13,53,94,25,100,22,89,62,62,4,15,4,17,28,90,36,65,59,66,3,10,16,62,18,18,18,18,4,15,3,13,4,10,9,18,15,17,7,15,14,14,7,18,92,92,4,15,2,10,6,22,4,15
12191,Richard,Gonzalez,WR,Draft,71,190,31,74,Other,"Draft Eligible",,92,96,96,71,71,89,89,91,91,95,95,4,14,20,20,20,20,18,18,5,18,16,16,5,21,20,81,18,73,18,71,63,63,7,18,12,16,4,17,8,32,18,74,44,83,13,20,20,20,15,15,3,9,4,15,6,24,16,22,6,15,17,25,17,17,6,14,23,23,7,18,4,16,9,19,5,11
12193,Michael,Semmes,DT,Draft,75,294,30,74,Minnesota,"Draft Eligible",,42,41,41,69,69,65,65,91,91,98,98,10,15,17,17,12,12,19,19,5,21,15,15,3,12,4,16,4,16,7,11,18,18,16,58,33,76,5,19,8,15,4,16,3,13,4,17,15,15,20,20,54,100,22,84,4,7,4,17,6,21,3,10,16,16,7,15,18,18,5,20,21,84,25,99,5,13
11940,Gary,Ellis,SS,Draft,71,208,33,74,"Southern Methodist","Draft Eligible",,80,83,83,87,87,89,89,67,67,88,88,6,21,16,16,14,14,11,11,17,19,11,11,8,14,6,24,7,7,4,16,10,10,16,64,8,24,11,16,5,21,4,15,4,18,1,5,20,20,10,10,25,42,93,100,4,12,6,12,4,17,8,10,17,17,14,22,48,48,74,80,17,69,18,73,12,37
12249,Richard,Gregory,FS,Draft,72,202,30,74,Baylor,"Draft Eligible",,90,74,74,91,91,50,50,90,90,73,73,5,18,16,16,15,15,17,17,5,17,15,15,2,8,3,14,15,19,2,8,17,17,27,98,13,50,7,18,8,14,4,15,4,15,4,16,11,11,18,18,26,26,7,15,12,20,5,16,6,15,7,16,14,14,8,15,56,56,29,95,32,45,31,71,12,47
12051,Charles,Marshal,QB,Draft,74,213,28,73,Arkansas,"Draft Eligible",,28,73,73,66,66,15,15,74,74,86,86,29,78,84,84,73,73,74,74,46,96,10,10,26,65,4,10,4,17,13,16,19,19,3,10,17,17,7,29,8,21,14,56,11,14,2,8,17,17,18,18,5,18,7,15,4,17,5,10,4,14,3,12,96,96,4,12,13,13,8,19,7,14,5,18,3,11
12054,Robert,Bergeron,RG,Draft,75,313,29,73,Wisconsin,"Draft Eligible",,82,71,71,76,76,63,63,89,89,62,62,5,20,15,15,21,21,16,16,8,16,23,23,11,24,6,22,8,15,4,8,18,18,9,13,2,10,7,9,4,15,6,21,24,87,17,68,59,59,85,85,4,16,6,25,10,15,6,16,8,15,12,19,27,27,5,21,11,11,12,20,12,14,6,20,5,15
12109,Craig,McAdams,RT,Draft,78,308,28,73,Furman,"Draft Eligible",,74,43,43,41,41,89,89,51,51,71,71,4,17,13,13,18,18,19,19,3,13,18,18,4,12,7,14,2,10,6,14,20,20,14,22,3,12,4,11,2,10,3,14,19,76,20,81,80,80,39,39,5,18,5,21,4,14,10,15,4,17,5,9,13,13,3,11,8,8,3,14,8,17,8,20,3,11
11947,Todd,Baxter,C,Draft,75,291,34,73,Missouri,"Draft Eligible",,42,60,60,60,60,58,58,94,94,67,67,3,13,15,15,12,12,14,14,3,13,19,19,18,20,10,24,5,20,3,9,10,10,6,10,4,17,6,18,6,18,7,15,22,87,50,74,82,82,42,42,4,17,4,17,3,13,4,17,5,19,7,20,12,12,5,19,15,15,4,15,3,14,7,11,6,22
12029,Oscar,Collins,DT,Draft,76,304,32,73,Missouri,"Draft Eligible",,28,54,54,64,64,83,83,71,71,66,66,12,18,13,13,13,13,14,14,6,25,15,15,11,21,8,17,6,17,3,10,10,10,51,81,12,49,5,20,3,12,2,7,13,13,7,21,17,17,23,23,39,60,23,91,6,15,11,17,12,15,12,18,13,13,4,15,20,20,37,60,15,60,7,28,24,94
12057,Cecil,Steinke,RDE,Draft,79,263,31,72,Georgia,"Draft Eligible",,14,79,79,57,57,87,87,100,100,94,94,7,19,22,22,15,15,18,18,12,15,16,16,4,18,3,12,6,23,10,18,15,15,19,76,8,25,4,16,5,21,12,19,5,18,5,20,22,22,19,19,21,67,15,61,4,15,6,24,4,15,3,12,22,22,7,30,17,17,3,13,20,80,54,91,14,54
12078,Ernest,Parry,RDE,Draft,76,289,32,72,California,"Draft Eligible",,96,64,64,78,78,100,100,79,79,94,94,4,15,9,9,19,19,21,21,8,23,18,18,10,18,18,28,5,20,8,16,19,19,16,63,32,76,5,19,4,16,5,22,4,17,5,19,17,17,24,24,15,60,26,64,14,22,16,26,5,21,12,22,18,18,13,21,18,18,30,73,14,56,7,27,3,11
12081,Edward,Hopkins,CB,Draft,73,200,33,72,Iowa,"Draft Eligible",,72,63,63,80,80,86,86,45,45,83,83,7,13,10,10,15,15,10,10,8,12,9,9,11,18,5,10,5,9,4,15,11,11,52,98,21,83,4,9,2,10,25,100,4,14,8,15,15,15,9,9,9,36,4,15,3,11,8,12,6,15,6,13,11,11,3,13,98,98,10,42,16,66,67,98,56,82
12117,Eddie,Flannagan,RT,Draft,76,324,32,72,"Southern California","Draft Eligible",,60,63,63,51,51,96,96,88,88,63,63,11,13,18,18,15,15,22,22,4,17,18,18,4,15,5,19,5,18,6,22,20,20,6,18,4,15,15,17,12,21,4,14,17,66,16,64,83,83,93,93,4,15,2,10,5,10,6,20,6,25,4,12,23,23,4,18,19,19,4,16,3,14,4,16,3,13
12140,Gary,Lopez,TE,Draft,77,260,31,72,Maryland,"Draft Eligible",,6,82,82,71,71,93,93,81,81,94,94,3,13,16,16,19,19,14,14,9,15,23,23,4,9,13,48,16,53,37,89,86,86,10,21,5,19,34,76,9,15,39,57,31,89,14,55,51,51,77,77,3,9,11,19,11,15,4,17,6,17,5,18,21,21,17,25,16,16,5,20,6,13,5,18,4,18
12159,Paul,Owens,FS,Draft,72,219,27,72,"Texas A&M","Draft Eligible",,38,86,86,76,76,75,75,74,74,82,82,8,16,12,12,17,17,24,24,5,22,13,13,4,17,4,15,6,23,8,19,16,16,18,70,7,30,16,20,3,13,21,39,7,15,5,16,18,18,14,14,6,26,12,49,4,14,5,19,15,23,7,18,10,10,12,22,95,95,25,100,37,69,24,61,17,68
11949,James,Kendrick,WR,Draft,71,177,30,72,Texas,"Draft Eligible",,18,93,93,70,70,85,85,63,63,99,99,6,9,18,18,12,12,14,14,6,13,9,9,4,16,23,90,17,67,49,77,56,56,3,13,4,15,4,12,17,66,33,85,77,99,4,12,10,10,12,12,6,15,5,13,3,13,5,14,2,9,2,9,19,19,10,12,48,48,4,16,3,14,4,11,3,10
12001,Andrew,Rossi,WR,Draft,72,196,28,72,Other,"Draft Eligible",,58,85,85,71,71,83,83,69,69,81,81,3,13,14,14,20,20,19,19,8,18,13,13,7,27,20,81,13,50,19,76,67,67,6,24,11,17,9,19,22,73,14,57,9,37,3,10,14,14,20,20,2,6,7,26,6,25,12,28,5,18,6,16,20,20,5,21,96,96,4,16,5,20,7,19,3,7
12257,Glenn,Crenshaw,P,Draft,73,210,41,72,Alabama,"Draft Eligible",,90,69,69,83,83,38,38,12,12,51,51,15,21,32,32,17,17,22,22,15,20,25,25,22,31,18,24,17,23,14,19,12,12,18,25,8,11,10,15,14,20,16,19,20,29,18,26,27,27,26,26,18,26,19,27,86,86,51,73,12,17,13,18,70,70,49,63,27,27,17,18,17,24,17,24,12,16
12113,Eric,Palacios,WR,Draft,72,209,32,71,"Virginia Tech","Draft Eligible",,98,50,50,76,76,53,53,79,79,95,95,4,16,13,13,8,8,20,20,5,20,19,19,4,10,33,92,31,72,26,62,97,97,4,14,3,12,4,13,30,57,37,73,30,100,2,10,14,14,15,15,4,17,9,12,7,9,7,10,3,14,9,20,12,12,6,9,82,82,5,20,16,21,6,15,2,9
12130,Michael,Brown,CB,Draft,72,198,33,71,Baylor,"Draft Eligible",,84,90,90,85,85,15,15,70,70,79,79,3,11,12,12,10,10,19,19,5,11,18,18,9,13,3,14,4,11,4,17,12,12,33,63,35,54,5,14,3,10,15,61,8,21,3,10,13,13,11,11,16,63,63,81,3,13,2,8,13,16,4,15,7,7,3,13,26,26,16,46,8,15,22,69,43,82
12186,Alex,Fuller,RT,Draft,77,314,28,71,Baylor,"Draft Eligible",,38,65,65,77,77,76,76,78,78,60,60,4,12,19,19,12,12,6,6,8,15,9,9,2,10,4,17,8,17,10,11,20,20,4,15,7,11,5,21,6,18,3,13,21,84,14,58,29,29,51,51,4,17,3,13,9,13,9,9,3,13,5,19,9,9,6,18,11,11,4,16,11,16,4,11,2,10
12199,Daniel,Putnam,WR,Draft,73,201,30,71,"Southern Illinois","Draft Eligible",,42,62,62,74,74,83,83,84,84,90,90,5,21,21,21,18,18,20,20,6,23,6,6,8,25,21,82,33,55,19,76,66,66,5,19,24,25,4,17,60,100,13,50,22,88,7,23,19,19,16,16,6,25,8,15,8,18,3,14,3,13,4,17,21,21,6,19,31,31,5,19,5,20,15,23,13,23
12209,Justin,Bruns,RG,Draft,75,307,40,71,Arkansas,"Draft Eligible",,62,63,63,60,60,75,75,69,69,85,85,4,10,16,16,17,17,15,15,4,15,16,16,12,15,2,8,23,23,4,12,20,20,7,20,12,18,17,19,9,19,14,14,89,100,30,52,25,25,19,19,5,18,4,17,8,15,4,17,6,22,4,17,13,13,5,17,12,12,5,20,9,17,6,23,5,18
11964,Charles,Delacruz,DT,Draft,76,302,27,71,"Penn State","Draft Eligible",,84,66,66,56,56,76,76,70,70,67,67,3,14,12,12,17,17,23,23,4,15,19,19,5,21,12,16,9,18,6,23,14,14,43,82,16,62,5,22,5,22,6,24,12,24,4,14,9,9,22,22,17,70,18,74,4,14,2,9,5,16,11,29,29,29,7,21,14,14,10,39,21,83,14,57,40,75
11970,Andrew,Fields,RDE,Draft,76,294,28,71,Arizona,"Draft Eligible",,38,71,71,73,73,85,85,78,78,64,64,4,16,13,13,15,15,21,21,13,21,17,17,5,19,8,18,4,16,9,17,18,18,22,88,21,36,6,25,5,20,3,13,9,18,5,20,22,22,22,22,12,47,19,76,6,19,7,29,4,14,7,15,21,21,4,16,13,13,3,11,5,20,69,99,23,91
12259,David,Sanders,RDE,Draft,76,281,29,71,"Oklahoma State","Draft Eligible",,18,51,51,73,73,77,77,98,98,72,72,5,19,21,21,9,9,9,9,8,19,17,17,4,16,4,16,4,14,6,14,16,16,35,78,33,48,4,15,3,11,3,14,2,7,3,10,11,11,18,18,21,41,23,93,4,15,5,18,6,16,3,9,12,12,4,16,14,14,11,12,94,94,17,66,34,69
12038,Carlos,Lilly,DT,Draft,75,295,29,70,Arkansas,"Draft Eligible",,74,58,58,69,69,61,61,83,83,84,84,8,12,10,10,13,13,21,21,5,18,26,26,12,16,7,26,5,20,4,15,9,9,19,74,20,70,10,17,6,23,6,24,8,22,7,27,25,25,16,16,62,76,18,73,6,24,6,18,5,14,11,19,16,16,3,13,22,22,52,96,12,44,20,34,8,33
12049,Scott,Smith,K,Draft,72,202,34,70,Other,"Draft Eligible",,64,21,21,76,76,71,71,79,79,72,72,16,22,20,20,19,19,17,17,17,24,21,21,12,17,13,18,19,28,13,18,28,28,14,20,12,14,17,24,10,14,11,15,16,22,14,20,14,14,8,8,15,22,18,26,11,16,16,23,57,78,46,62,13,13,9,12,25,25,17,20,11,16,12,18,15,22
12098,Jeffrey,Slade,MLB,Draft,72,253,27,70,Alabama,"Draft Eligible",,26,58,58,79,79,64,64,60,60,60,60,3,12,20,20,12,12,22,22,7,11,18,18,2,6,4,17,5,13,3,13,20,20,19,76,39,87,4,15,6,22,4,14,8,16,2,8,16,16,15,15,52,100,15,58,3,14,17,17,13,17,3,13,12,12,5,17,11,11,33,81,11,16,28,100,11,41
12175,John,Sanford,QB,Draft,74,223,24,70,Arizona,"Draft Eligible",,20,49,49,34,34,31,31,73,73,84,84,19,62,56,56,72,72,57,57,23,93,81,81,24,69,4,14,5,18,4,16,12,12,9,18,5,19,19,77,19,75,19,77,5,20,6,24,12,12,14,14,3,12,3,13,8,21,4,15,8,15,10,16,64,64,4,14,15,15,9,20,4,11,5,20,3,13
11955,James,Miller,MLB,Draft,73,255,34,70,"Southern Mississippi","Draft Eligible",,4,71,71,76,76,89,89,79,79,94,94,5,12,15,15,19,19,21,21,5,17,17,17,11,14,5,21,13,25,3,11,16,16,19,75,34,42,9,25,10,19,8,17,5,12,4,15,19,19,17,17,8,32,56,77,3,14,6,22,3,12,4,14,20,20,6,23,13,13,10,27,25,45,13,54,8,33
11958,Joseph,Gomez,P,Draft,74,212,33,70,"Michigan State","Draft Eligible",,62,85,85,93,93,58,58,67,67,35,35,15,18,14,14,17,17,16,16,15,21,12,12,14,20,7,9,14,19,15,17,20,20,10,14,13,16,11,11,14,20,19,23,14,20,17,20,24,24,20,20,17,24,11,15,49,58,52,75,18,23,18,24,37,37,64,91,12,12,16,23,15,18,7,11,17,21
12023,Timothy,Sheedy,WR,Draft,72,198,31,70,Maryland,"Draft Eligible",,2,53,53,74,74,68,68,64,64,76,76,8,24,24,24,15,15,20,20,5,19,15,15,9,21,32,66,44,83,17,70,86,86,5,22,13,19,6,13,13,45,24,98,22,88,8,24,13,13,20,20,13,22,5,18,7,11,13,17,3,10,6,24,25,25,4,15,49,49,5,15,4,11,12,17,11,21
12034,Irvin,McClelland,LG,Draft,76,294,32,69,Minnesota,"Draft Eligible",,92,25,25,68,68,95,95,30,30,95,95,3,10,8,8,11,11,11,11,2,8,9,9,2,6,15,15,6,10,3,12,5,5,4,9,3,11,6,11,5,9,2,9,12,41,49,100,97,97,90,90,2,8,5,11,3,8,2,9,6,12,2,6,7,7,2,8,7,7,3,9,3,12,2,9,2,7
12045,Allan,Houle,P,Draft,75,217,31,69,Other,"Draft Eligible",,80,30,30,62,62,14,14,91,91,71,71,16,18,14,14,17,17,22,22,18,25,21,21,11,15,11,16,13,19,11,14,17,17,15,17,14,20,17,21,7,9,11,15,17,22,10,13,25,25,22,22,18,24,13,17,51,68,55,76,10,15,17,19,83,83,53,75,17,17,13,18,10,15,8,12,11,16
12068,Jason,McDonald,SLB,Draft,74,246,30,69,DePauw,"Draft Eligible",,48,81,81,57,57,91,91,36,36,80,80,2,8,10,10,14,14,7,7,2,9,6,6,10,17,6,15,3,12,4,10,12,12,7,28,44,93,3,8,8,11,3,10,3,13,4,10,11,11,13,13,33,89,39,100,3,12,3,8,2,7,4,6,9,9,3,11,13,13,14,52,9,36,28,88,13,50
12089,George,Pace,P,Draft,74,194,38,69,Alabama,"Draft Eligible",,88,70,70,23,23,77,77,36,36,13,13,14,19,22,22,18,18,12,12,14,19,9,9,7,11,13,18,14,17,15,21,19,19,10,15,12,16,14,20,6,8,16,21,14,19,8,12,16,16,21,21,15,19,15,18,70,74,63,68,12,16,10,15,34,34,69,83,22,22,11,16,14,20,9,13,17,24
12107,Juan,Maner,RB,Draft,71,226,23,69,"Texas Christian","Draft Eligible",,94,76,76,72,72,80,80,57,57,98,98,4,14,24,24,16,16,20,20,7,20,14,14,4,13,39,81,30,100,17,62,61,61,5,21,7,15,22,74,18,72,13,53,22,40,6,17,16,16,28,28,4,17,3,13,2,10,3,13,12,14,5,19,15,15,3,14,81,81,5,20,4,16,7,16,5,21
12124,Douglas,Truong,K,Draft,71,203,33,69,"Arizona State","Draft Eligible",,56,21,21,65,65,87,87,62,62,98,98,10,11,14,14,17,17,16,16,10,14,16,16,11,16,14,20,9,13,15,19,22,22,13,18,13,19,11,16,7,10,14,20,9,13,16,22,10,10,19,19,15,21,11,16,11,16,15,21,63,90,28,40,10,10,8,11,20,20,11,15,10,13,8,10,14,20
11946,Mathew,Phillips,CB,Draft,73,215,31,69,Michigan,"Draft Eligible",,80,84,84,92,92,38,38,73,73,67,67,6,26,12,12,16,16,24,24,7,18,19,19,3,13,4,9,4,18,6,20,9,9,64,71,28,79,6,21,7,21,57,65,11,18,7,13,20,20,20,20,12,32,24,46,9,12,5,14,5,18,9,17,17,17,6,14,17,17,30,100,17,66,19,76,23,49
12213,Christopher,Price,TE,Draft,76,260,29,69,"Michigan State","Draft Eligible",,18,62,62,74,74,64,64,59,59,69,69,7,26,21,21,12,12,10,10,4,15,16,16,14,26,17,67,31,76,19,53,96,96,6,10,4,18,35,58,29,85,42,81,36,66,58,75,61,61,18,18,5,20,4,17,7,23,4,16,4,14,5,19,17,17,5,18,26,26,7,19,6,22,8,19,6,23
12217,Maxwell,Gardner,CB,Draft,73,215,27,69,Tennessee,"Draft Eligible",,12,85,85,67,67,90,90,91,91,77,77,11,24,15,15,9,9,17,17,8,16,10,10,5,19,4,14,3,13,7,17,16,16,24,95,22,89,14,18,4,16,33,47,3,12,3,13,18,18,14,14,20,36,10,39,5,18,7,16,12,14,4,8,14,14,5,18,40,40,22,51,19,76,19,64,25,83
11962,Fred,Hampton,TE,Draft,76,274,29,69,"North Carolina","Draft Eligible",,32,54,54,55,55,68,68,62,62,89,89,5,21,17,17,24,24,18,18,5,10,24,24,7,15,18,70,48,96,14,55,99,99,2,10,7,27,36,64,47,72,23,91,25,73,30,62,50,50,57,57,24,24,6,23,5,22,14,26,6,17,4,15,19,19,2,10,24,24,5,21,9,16,5,19,6,23
12225,Joshua,Gil,WLB,Draft,74,243,31,69,"Arizona State","Draft Eligible",,72,84,84,82,82,84,84,60,60,83,83,3,10,8,8,8,8,15,15,3,12,15,15,4,15,5,15,3,14,2,9,8,8,28,71,20,79,4,8,6,11,7,13,9,19,3,12,15,15,10,10,6,22,15,61,4,8,7,14,2,8,7,12,10,10,5,14,9,9,46,100,14,57,13,47,9,37
11989,James,Horton,QB,Draft,74,217,29,69,"Georgia Southern","Draft Eligible",,22,86,86,12,12,18,18,83,83,89,89,16,62,32,32,83,83,99,99,53,66,99,99,17,69,6,24,6,16,8,20,16,16,4,18,5,17,14,56,15,35,33,65,5,15,7,15,15,15,11,11,6,23,5,19,6,23,3,12,4,14,6,24,69,69,3,12,10,10,6,18,3,12,12,28,17,24
12248,George,Stops,WR,Draft,70,186,29,69,Mississippi,"Draft Eligible",,54,81,81,61,61,63,63,95,95,85,85,4,17,18,18,18,18,14,14,4,16,26,26,5,20,10,40,19,78,34,80,69,69,9,15,9,17,27,27,34,78,85,90,18,70,8,14,9,9,9,9,4,15,3,12,6,16,3,13,5,20,4,17,12,12,10,20,37,37,10,17,6,14,3,14,6,20
11999,Edmund,Rooks,TE,Draft,74,272,30,69,Texas,"Draft Eligible",,6,43,43,47,47,49,49,97,97,75,75,6,13,17,17,15,15,15,15,4,12,13,13,2,9,14,58,41,100,13,52,95,95,4,16,4,15,29,100,53,74,27,95,66,77,18,56,43,43,91,91,4,17,6,15,3,11,4,15,11,17,3,10,17,17,4,15,7,7,5,18,4,16,6,24,17,17
12284,Paul,Covington,RDE,Draft,77,285,28,69,"Ohio State","Draft Eligible",,48,53,53,63,63,82,82,87,87,88,88,7,18,17,17,15,15,7,7,3,12,18,18,5,20,2,6,5,14,7,20,14,14,29,68,14,57,7,26,5,19,4,16,6,25,4,17,10,10,16,16,18,73,16,66,5,21,13,13,5,20,5,20,25,25,4,16,12,12,22,88,4,14,23,91,26,60
12287,Eugene,Crowe,DT,Draft,75,323,27,69,Mississippi,"Draft Eligible",,58,71,71,52,52,73,73,84,84,68,68,6,23,26,26,21,21,22,22,12,19,18,18,14,30,14,22,6,23,12,20,18,18,18,71,26,57,13,19,4,16,5,19,9,25,16,29,21,21,25,25,43,83,18,74,4,15,5,21,5,16,10,17,17,17,8,17,21,21,18,73,16,65,9,36,47,70
12070,Gary,Johnson,CB,Draft,72,200,30,68,"Fresno State","Draft Eligible",,6,90,90,79,79,84,84,84,84,92,92,4,17,18,18,18,18,15,15,6,19,20,20,9,16,5,19,4,16,9,14,14,14,14,57,21,60,3,12,10,22,19,73,2,10,3,13,13,13,19,19,8,31,22,78,10,18,4,14,3,12,6,17,13,13,5,19,23,23,23,49,11,44,14,54,15,62
12085,Stephen,Young,FS,Draft,71,200,28,68,"Bowling Green","Draft Eligible",,76,88,88,78,78,84,84,57,57,55,55,3,13,20,20,20,20,13,13,10,26,30,30,4,15,2,5,4,17,5,18,13,13,56,97,24,97,4,16,10,12,30,83,4,15,10,15,23,23,26,26,12,50,10,42,11,14,5,21,7,26,10,22,17,17,9,20,48,48,9,32,23,64,14,55,16,65
12161,David,Bradford,WR,Draft,72,202,31,68,Purdue,"Draft Eligible",,68,62,62,83,83,67,67,87,87,94,94,5,20,16,16,17,17,17,17,4,15,20,20,19,19,14,58,42,79,27,57,63,63,4,16,4,17,3,13,22,79,52,74,27,27,6,13,23,23,24,24,5,20,12,18,5,20,10,20,5,12,6,25,17,17,9,20,12,12,3,14,7,14,7,21,6,18
12169,Franklin,Benevides,RB,Draft,71,224,29,68,"Texas State","Draft Eligible",,94,78,78,55,55,99,99,92,92,85,85,5,20,18,18,14,14,17,17,4,16,15,15,4,15,10,33,45,72,58,99,77,77,4,15,5,20,12,39,10,39,60,91,15,59,32,79,15,15,21,21,5,12,8,14,9,23,3,12,6,18,5,19,21,21,2,8,71,71,4,17,5,19,10,10,4,16
12224,Adrian,Tomasini,QB,Draft,72,220,31,68,Cincinnati,"Draft Eligible",,4,38,38,23,23,35,35,81,81,91,91,39,67,88,88,95,95,95,95,19,74,21,21,46,61,4,9,5,11,3,11,18,18,12,13,3,12,11,42,27,50,3,13,4,15,3,11,8,8,9,9,3,13,9,14,3,12,2,7,3,12,3,13,76,76,4,15,11,11,5,12,10,11,3,12,7,13
12243,Martin,Mercer,TE,Draft,77,243,27,68,"West Virginia","Draft Eligible",,22,73,73,68,68,52,52,99,99,54,54,13,21,6,6,14,14,14,14,7,19,15,15,8,14,10,41,25,96,54,98,70,70,5,18,4,15,20,79,23,93,20,82,11,45,30,37,24,24,56,56,2,9,5,13,4,18,7,16,4,17,3,8,20,20,3,8,13,13,3,13,4,18,1,4,8,18
12244,James,Hawes,CB,Draft,72,195,28,68,"Louisiana Tech","Draft Eligible",,48,91,91,55,55,35,35,96,96,55,55,11,15,13,13,20,20,13,13,3,10,17,17,9,19,3,11,4,16,6,15,14,14,18,72,44,98,6,14,7,11,56,62,9,17,5,14,13,13,6,6,4,16,40,80,5,15,13,15,5,10,6,15,10,10,4,15,53,53,19,75,18,71,31,41,20,80
12246,Rory,Page,CB,Draft,71,206,30,68,"Oregon State","Draft Eligible",,92,92,92,81,81,28,28,83,83,63,63,7,18,10,10,19,19,12,12,4,16,9,9,7,12,4,11,9,17,5,19,16,16,51,66,23,66,9,17,11,20,7,28,10,16,9,18,16,16,13,13,19,76,10,39,4,16,19,19,6,12,6,21,10,10,7,11,83,83,19,77,12,47,14,56,26,78
11997,Don,Gregory,SLB,Draft,75,238,32,68,Washington,"Draft Eligible",,92,64,64,87,87,73,73,72,72,80,80,7,17,12,12,14,14,9,9,5,19,12,12,4,14,4,14,3,10,3,12,14,14,26,80,37,86,6,13,4,15,4,16,4,15,6,15,9,9,17,17,26,41,18,74,3,12,7,13,2,8,4,15,13,13,6,15,15,15,18,26,33,78,14,42,23,90
12255,Steven,McCurdy,WR,Draft,72,207,34,68,Illinois,"Draft Eligible",,60,93,93,89,89,90,90,73,73,69,69,3,12,10,10,11,11,12,12,7,8,17,17,3,11,27,66,25,35,18,50,81,81,2,7,4,15,4,16,17,70,35,100,35,35,7,13,9,9,13,13,3,8,3,12,4,14,4,13,3,11,4,16,14,14,2,10,12,12,4,16,1,5,5,14,5,11
12000,Herbert,Bryant,TE,Draft,75,259,27,68,Tennessee,"Draft Eligible",,60,80,80,53,53,86,86,93,93,93,93,5,18,15,15,15,15,14,14,4,17,11,11,7,27,50,67,25,78,38,93,53,53,4,18,8,31,12,49,7,28,13,52,18,59,24,97,78,78,24,24,6,12,6,22,7,20,5,18,7,16,4,14,19,19,3,14,15,15,4,16,7,23,7,17,4,17
12274,Marcus,Robinson,LG,Draft,76,316,27,68,"Miami, Florida","Draft Eligible",,8,44,44,57,57,79,79,56,56,74,74,3,12,24,24,9,9,18,18,4,17,15,15,6,16,3,12,5,17,9,18,14,14,4,18,4,17,6,23,6,17,4,15,12,47,25,100,85,85,23,23,10,22,4,17,4,13,3,12,3,13,11,20,15,15,12,29,15,15,4,15,7,16,4,15,4,18
12283,Douglas,Miller,WR,Draft,70,205,30,68,Tuskegee,"Draft Eligible",,8,61,61,56,56,68,68,80,80,45,45,7,11,11,11,10,10,9,9,7,11,9,9,1,5,16,49,19,77,24,71,96,96,2,7,11,14,4,15,69,100,7,15,29,76,3,12,12,12,6,6,3,11,4,17,2,9,6,14,10,15,3,11,12,12,8,10,40,40,1,4,5,9,3,11,4,15
12040,Louie,Dixson,FB,Draft,71,237,23,67,"Miami, Florida","Draft Eligible",,92,39,39,80,80,79,79,55,55,72,72,9,19,11,11,10,10,15,15,11,15,12,12,3,12,6,25,24,96,17,68,13,13,4,11,14,16,31,68,25,100,42,91,25,100,7,27,15,15,19,19,5,19,6,24,5,20,3,7,3,14,4,18,16,16,6,11,16,16,3,14,13,14,4,11,13,17
12090,Keith,McKinney,RB,Draft,71,230,28,67,Washington,"Draft Eligible",,50,75,75,67,67,51,51,72,72,83,83,9,19,11,11,14,14,16,16,4,15,13,13,4,16,50,100,23,92,75,77,56,56,5,14,6,17,17,40,41,82,16,45,19,47,25,68,16,16,9,9,9,18,12,16,5,14,5,21,4,18,5,20,16,16,6,16,13,13,21,23,3,13,3,11,4,17
12112,Philip,Berry,DT,Draft,75,291,29,67,"Southern California","Draft Eligible",,4,68,68,62,62,82,82,79,79,80,80,3,14,17,17,23,23,15,15,6,22,26,26,7,18,27,27,6,18,23,25,14,14,38,72,11,42,5,15,10,25,4,16,4,15,9,20,15,15,20,20,17,61,27,62,9,17,4,18,6,14,12,17,13,13,5,21,18,18,21,75,36,83,11,45,4,16
12153,Brian,Henson,WR,Draft,71,193,32,67,Temple,"Draft Eligible",,86,78,78,54,54,41,41,88,88,40,40,2,8,17,17,10,10,19,19,3,13,15,15,5,10,28,60,41,72,41,54,70,70,5,11,6,13,3,11,26,89,23,92,7,27,9,14,11,11,16,16,3,12,3,10,4,15,2,9,4,16,2,10,10,10,3,13,98,98,3,13,3,10,4,16,6,12
12003,Barry,Andrews,RDE,Draft,77,286,29,67,Vanderbilt,"Draft Eligible",,28,75,75,76,76,63,63,98,98,88,88,2,7,16,16,18,18,14,14,9,15,13,13,5,19,14,17,3,11,4,16,18,18,27,76,9,35,2,6,15,18,10,18,5,21,4,15,14,14,16,16,25,53,16,64,9,23,5,18,10,27,4,14,20,20,4,16,16,16,25,100,72,72,42,66,22,87
12011,John,Kern,P,Draft,74,227,29,67,Illinois,"Draft Eligible",,0,24,24,59,59,57,57,38,38,75,75,14,20,12,12,21,21,22,22,10,12,15,15,9,10,21,24,10,13,11,14,19,19,18,24,9,13,14,20,18,21,19,21,18,22,18,22,22,22,24,24,18,25,19,23,46,66,56,80,9,10,18,24,39,39,54,78,24,24,9,13,14,19,18,21,19,28
12013,Charles,Davidson,LG,Draft,74,298,26,67,Arizona,"Draft Eligible",,96,42,42,61,61,63,63,87,87,56,56,6,12,13,13,12,12,15,15,4,15,19,19,5,20,15,16,3,14,3,13,9,9,4,16,4,17,3,14,5,14,5,12,28,97,13,50,71,71,99,99,5,21,3,12,4,16,5,12,3,10,4,15,11,11,5,19,9,9,4,16,7,12,5,14,5,10
12015,Warren,Duarte,K,Draft,74,184,32,67,Colorado,"Draft Eligible",,34,22,22,71,71,82,82,66,66,63,63,9,12,20,20,20,20,25,25,12,17,15,15,14,19,11,14,17,23,16,23,21,21,11,15,17,25,21,23,19,24,21,30,14,19,20,28,21,21,15,15,11,13,14,20,11,16,7,10,49,70,50,70,16,16,15,22,22,22,20,20,16,23,13,19,20,27
12106,Ron,Barnhill,MLB,Draft,72,260,33,66,"Florida State","Draft Eligible",,88,70,70,53,53,76,76,80,80,96,96,3,10,13,13,20,20,23,23,5,14,16,16,6,11,4,16,6,10,10,19,9,9,34,39,19,66,6,8,6,23,4,15,4,16,4,16,19,19,12,12,43,87,53,100,3,13,3,12,5,20,3,11,13,13,6,16,17,17,17,41,61,70,15,62,6,15
11954,Anthony,Ervin,TE,Draft,75,265,28,66,UCLA,"Draft Eligible",,94,55,55,60,60,63,63,84,84,92,92,6,16,23,23,16,16,25,25,2,9,17,17,5,20,47,100,39,39,30,59,63,63,13,25,3,12,15,57,15,60,35,88,17,70,37,67,32,32,79,79,6,23,4,15,5,20,12,19,11,17,3,12,15,15,5,20,25,25,8,13,6,24,4,9,5,18
12218,Al,Vetter,DT,Draft,72,311,27,66,Louisville,"Draft Eligible",,48,77,77,55,55,73,73,74,74,98,98,4,15,17,17,14,14,23,23,5,19,20,20,4,16,2,9,5,19,5,18,8,8,36,71,6,23,9,10,3,14,6,16,2,9,3,13,11,11,17,17,20,79,14,55,4,17,5,19,3,14,4,18,19,19,3,12,14,14,18,72,9,37,25,98,17,47
11967,Antwan,Baker,WR,Draft,71,201,29,66,"Washington State","Draft Eligible",,100,83,83,50,50,95,95,54,54,64,64,3,10,12,12,17,17,16,16,2,10,13,13,4,9,32,69,31,78,20,44,58,58,3,13,6,7,5,10,25,100,18,60,3,12,2,7,13,13,11,11,5,13,2,8,9,15,3,10,11,14,3,12,14,14,3,7,99,99,8,15,5,7,4,15,2,9
12239,Larry,Reed,QB,Draft,74,222,25,66,"Ohio State","Draft Eligible",,44,25,25,27,27,82,82,97,97,73,73,18,70,39,39,82,82,70,70,13,35,51,51,19,77,3,12,2,4,5,18,16,16,3,14,4,15,18,34,16,19,16,63,4,18,3,12,10,10,15,15,5,5,12,19,8,12,4,14,3,13,3,8,37,37,4,17,8,8,8,14,3,13,6,12,3,12
12252,Preston,Gaines,WR,Draft,71,199,26,66,Pittsburgh,"Draft Eligible",,56,68,68,68,68,80,80,63,63,63,63,3,13,10,10,16,16,14,14,5,19,16,16,12,16,25,81,22,86,12,47,54,54,21,23,4,17,3,13,17,36,19,78,22,88,13,19,15,15,17,17,7,15,5,19,4,17,4,13,2,8,5,18,13,13,3,13,39,39,15,28,5,19,5,12,4,14
12062,Dale,Baber,QB,Draft,76,215,24,65,"Ohio State","Draft Eligible",,100,16,16,47,47,97,97,87,87,75,75,12,49,56,56,99,99,53,53,17,69,83,83,15,62,16,23,4,10,5,19,17,17,6,16,5,13,31,56,20,70,20,79,6,18,5,13,21,21,13,13,3,11,5,19,12,17,5,21,8,20,5,19,76,76,4,17,21,21,8,17,3,14,4,16,4,17
12083,Anthony,Boone,LG,Draft,76,308,31,65,"Ohio State","Draft Eligible",,34,59,59,24,24,87,87,92,92,29,29,2,9,11,11,8,8,10,10,1,5,8,8,6,8,3,10,4,7,3,7,10,10,2,9,5,9,2,7,2,10,3,11,35,35,30,90,28,28,24,24,1,5,1,5,2,9,4,10,2,8,6,10,5,5,2,9,5,5,3,11,4,15,2,7,2,8
12102,Michael,Ladd,RT,Draft,78,298,27,65,Other,"Draft Eligible",,52,44,44,48,48,92,92,49,49,72,72,4,10,18,18,14,14,8,8,3,8,12,12,3,10,4,14,3,11,12,17,16,16,3,12,8,14,4,15,5,8,5,12,9,35,22,84,47,47,48,48,3,10,2,8,9,20,10,14,4,12,4,15,13,13,3,9,10,10,3,10,2,8,7,16,8,14
12204,David,Shuman,FB,Draft,73,235,28,65,Other,"Draft Eligible",,90,74,74,62,62,97,97,68,68,71,71,10,15,17,17,26,26,15,15,4,8,23,23,4,15,14,55,12,49,3,12,18,18,10,13,3,11,11,45,61,85,34,81,34,57,23,88,9,9,24,24,5,20,12,20,6,18,12,20,7,22,5,21,14,14,7,19,22,22,14,20,6,20,7,28,13,20
11969,Robert,Dean,CB,Draft,70,193,27,65,Memphis,"Draft Eligible",,12,54,54,81,81,55,55,96,96,73,73,3,14,14,14,16,16,10,10,4,15,11,11,3,13,4,10,6,15,3,11,19,19,11,45,5,19,6,16,2,9,25,100,7,12,3,14,8,8,11,11,11,45,25,100,4,14,4,17,7,14,3,9,11,11,2,8,15,15,16,63,33,52,18,73,12,50
11985,Mark,Merlo,WR,Draft,73,193,31,65,Other,"Draft Eligible",,74,94,94,59,59,85,85,59,59,66,66,6,15,27,27,22,22,9,9,4,14,22,22,10,21,12,50,36,63,13,53,63,63,5,20,4,17,4,18,91,99,21,44,20,80,6,24,19,19,24,24,5,15,2,7,8,29,7,11,5,20,4,16,23,23,8,13,43,43,8,15,13,17,4,18,4,16
12282,Brian,Harper,MLB,Draft,72,259,29,65,Villanova,"Draft Eligible",,54,72,72,41,41,90,90,93,93,72,72,6,15,7,7,18,18,15,15,4,15,16,16,4,12,11,14,3,13,4,15,19,19,40,71,14,56,4,15,4,7,5,19,5,16,9,16,9,9,9,9,22,89,12,48,4,15,4,14,3,13,3,9,18,18,4,17,11,11,7,28,13,53,20,79,9,37
12110,Edwin,Figueroa,RB,Draft,71,224,26,64,Louisville,"Draft Eligible",,52,83,83,81,81,46,46,99,99,97,97,5,20,19,19,14,14,11,11,8,17,16,16,9,16,43,68,13,53,16,63,85,85,3,11,4,17,26,77,11,44,14,44,15,52,25,42,15,15,12,12,2,10,11,18,4,16,4,15,4,17,6,23,14,14,3,14,64,64,7,19,4,15,3,13,4,15
12128,Phillip,Miller,WLB,Draft,73,230,29,64,Vanderbilt,"Draft Eligible",,42,55,55,85,85,94,94,94,94,69,69,4,14,10,10,20,20,16,16,2,7,19,19,11,16,5,12,3,12,8,21,14,14,21,58,53,97,14,14,18,23,3,11,7,11,12,14,19,19,21,21,6,17,15,57,4,15,10,20,4,11,4,12,21,21,3,10,12,12,34,100,23,93,21,43,25,99
12188,Loren,Finch,DT,Draft,75,297,26,64,Northwestern,"Draft Eligible",,24,39,39,64,64,75,75,57,57,50,50,4,15,12,12,12,12,10,10,4,14,11,11,4,15,8,15,4,14,6,13,7,7,17,69,20,55,7,12,5,12,3,11,4,13,3,10,18,18,17,17,33,100,25,36,3,12,2,7,7,14,11,14,12,12,4,12,14,14,22,86,53,70,10,39,6,15
12192,Jeffrey,Kennedy,SS,Draft,73,202,29,64,Other,"Draft Eligible",,30,80,80,83,83,74,74,47,47,49,49,4,17,13,13,7,7,11,11,5,14,11,11,8,15,5,14,5,11,4,16,13,13,17,46,15,58,2,10,6,14,40,72,3,14,5,19,15,15,16,16,14,49,30,88,4,13,4,17,4,15,4,16,16,16,3,10,22,22,18,72,16,44,50,90,4,15
12223,William,Sydow,TE,Draft,76,269,24,64,Stanford,"Draft Eligible",,88,53,53,59,59,89,89,57,57,78,78,4,16,13,13,19,19,16,16,11,16,14,14,3,11,25,100,36,100,8,21,68,68,14,14,7,15,19,42,10,41,17,39,29,77,25,99,54,54,72,72,10,18,3,11,6,25,3,11,12,13,4,14,12,12,4,17,18,18,4,14,5,10,5,17,2,8
11981,Joe,Munoz,LDE,Draft,77,261,34,64,Kansas,"Draft Eligible",,64,78,78,54,54,75,75,92,92,68,68,9,18,9,9,9,9,16,16,6,26,17,17,5,18,4,14,4,17,3,12,19,19,40,57,10,41,5,18,9,21,5,19,7,12,10,21,15,15,17,17,39,59,21,83,5,14,18,19,4,16,9,13,30,30,4,18,12,12,56,67,68,90,15,59,61,97
12242,William,Bettis,RB,Draft,70,218,26,64,"Northwestern St., La.","Draft Eligible",,86,55,55,76,76,89,89,68,68,70,70,6,22,14,14,6,6,17,17,7,15,11,11,3,12,25,100,37,59,11,42,76,76,4,15,3,12,23,57,12,50,49,58,5,19,48,50,13,13,17,17,4,15,4,14,4,15,3,14,8,17,3,13,17,17,3,13,37,37,6,19,6,25,3,11,6,15
11995,James,Hernandez,DT,Draft,76,314,31,64,"Jackson State","Draft Eligible",,56,74,74,63,63,62,62,75,75,76,76,17,24,19,19,23,23,20,20,5,18,21,21,22,24,7,23,4,17,5,21,18,18,45,56,15,16,16,20,4,14,5,22,3,12,8,11,25,25,19,19,20,81,46,67,7,22,5,15,4,15,6,25,25,25,9,14,19,19,13,25,3,13,48,77,37,94
12009,Adam,Harris,MLB,Draft,74,235,29,64,"Arizona State","Draft Eligible",,6,87,87,89,89,72,72,54,54,58,58,2,8,12,12,12,12,14,14,3,12,12,12,3,10,3,12,8,13,4,16,10,10,25,100,9,18,10,10,8,13,5,7,4,9,8,14,9,9,11,11,19,36,4,15,3,11,4,15,2,9,6,11,12,12,11,14,17,17,4,15,5,19,15,61,24,96
12048,George,Sheehan,CB,Draft,72,209,28,63,"East Carolina","Draft Eligible",,90,68,68,71,71,76,76,53,53,45,45,5,22,8,8,14,14,16,16,3,9,8,8,4,15,4,15,7,9,4,15,17,17,25,100,13,51,4,17,3,14,51,65,4,16,7,10,16,16,14,14,25,99,50,73,4,15,5,13,4,17,4,15,9,9,4,12,78,78,15,59,22,74,37,60,22,56
12160,Clarence,Marcus,MLB,Draft,74,245,30,63,Houston,"Draft Eligible",,62,59,59,68,68,96,96,56,56,51,51,3,11,11,11,10,10,12,12,4,17,11,11,2,9,1,3,4,10,5,15,12,12,5,15,14,30,10,10,5,10,2,6,5,12,4,14,12,12,7,7,25,100,46,82,3,12,5,10,3,9,3,13,7,7,4,11,14,14,8,33,11,44,39,71,30,44
11938,John,Hernandez,RG,Draft,76,319,31,63,"Central Florida","Draft Eligible",,50,72,72,76,76,96,96,86,86,91,91,3,11,20,20,12,12,13,13,6,12,16,16,5,14,4,17,4,17,2,9,20,20,6,14,8,16,16,16,4,16,4,13,15,47,8,29,72,72,36,36,4,16,3,14,6,20,3,10,8,14,3,12,20,20,5,19,6,6,4,15,4,17,13,19,5,12
12197,Curtis,Smith,QB,Draft,74,225,24,63,Pittsburgh,"Draft Eligible",,58,61,61,34,34,53,53,61,61,86,86,43,90,49,49,64,64,62,62,5,15,47,47,25,100,2,7,7,15,7,12,15,15,4,12,3,10,17,70,6,23,11,16,4,15,4,17,11,11,10,10,2,7,5,11,5,19,5,17,6,14,11,12,43,43,3,12,18,18,2,9,2,8,3,10,2,7
12208,Bruce,Garcia,SLB,Draft,73,247,31,63,Montana,"Draft Eligible",,4,46,46,56,56,89,89,76,76,91,91,12,16,21,21,21,21,11,11,3,12,17,17,4,14,7,18,9,22,6,15,17,17,6,19,31,64,6,11,6,23,17,18,4,15,11,18,16,16,9,9,20,21,68,100,3,13,4,14,2,9,8,14,17,17,3,13,18,18,44,100,37,68,20,82,16,33
11993,Angel,Klink,FS,Draft,72,208,29,63,Delaware,"Draft Eligible",,48,50,50,78,78,85,85,94,94,54,54,7,16,12,12,13,13,16,16,5,10,19,19,5,19,6,18,4,18,5,15,17,17,44,60,16,20,4,15,4,13,15,58,3,14,5,18,17,17,10,10,7,30,14,44,9,18,4,14,6,12,7,21,17,17,16,19,25,25,50,63,12,49,15,30,25,100
12071,John,Arrowood,FB,Draft,73,250,27,62,Stanford,"Draft Eligible",,16,61,61,47,47,68,68,80,80,68,68,7,25,19,19,23,23,14,14,6,22,16,16,5,19,71,81,11,45,53,73,58,58,5,21,4,14,16,54,16,63,21,70,11,42,23,59,22,22,16,16,4,18,10,15,4,16,12,27,4,15,4,15,17,17,13,24,16,16,6,18,5,8,5,21,4,12
12076,Samuel,Michalski,SS,Draft,73,191,26,62,Tennessee,"Draft Eligible",,28,50,50,86,86,97,97,73,73,56,56,4,14,14,14,12,12,10,10,4,17,16,16,8,14,11,23,18,21,3,10,15,15,12,49,17,69,4,16,5,22,16,43,11,12,3,14,12,12,15,15,10,21,49,88,3,11,3,10,5,18,6,18,15,15,5,19,65,65,16,55,16,63,22,49,31,80
12120,Andrew,Ortiz,WR,Draft,71,212,30,62,Stanford,"Draft Eligible",,4,55,55,83,83,88,88,76,76,84,84,4,15,14,14,17,17,20,20,5,10,15,15,4,14,21,60,65,98,4,15,78,78,5,15,3,13,4,14,47,61,7,29,36,47,10,17,17,17,9,9,4,14,8,15,5,12,7,15,3,11,3,10,8,8,6,10,36,36,6,18,4,16,1,6,5,13
12210,Denny,Stpierre,LDE,Draft,77,291,34,62,Minnesota,"Draft Eligible",,82,62,62,80,80,93,93,57,57,75,75,3,12,13,13,12,12,11,11,8,14,13,13,11,11,5,15,3,13,3,10,13,13,26,35,17,26,4,15,5,11,3,10,3,10,3,12,8,8,12,12,41,66,27,51,2,8,3,10,3,12,3,13,16,16,7,12,9,9,19,61,22,90,14,51,24,96
11957,Julio,Martin,WLB,Draft,72,242,25,62,Nebraska,"Draft Eligible",,92,79,79,85,85,43,43,84,84,60,60,15,15,16,16,11,11,11,11,3,11,10,10,3,13,6,14,3,11,3,12,12,12,6,26,22,42,9,16,3,10,6,7,12,16,1,5,6,6,14,14,20,82,22,86,4,16,7,18,4,15,3,12,12,12,3,13,14,14,18,66,14,35,11,46,7,29
12014,Wesley,Carr,DT,Draft,74,312,26,62,Louisville,"Draft Eligible",,82,37,37,58,58,85,85,50,50,53,53,14,16,15,15,14,14,18,18,4,13,12,12,8,19,2,9,5,13,14,24,16,16,15,59,5,22,6,14,3,12,4,16,4,15,7,9,16,16,17,17,47,91,12,47,5,19,8,14,4,18,4,14,12,12,8,16,12,12,36,82,21,84,8,33,87,87
12024,David,Difranco,CB,Draft,70,191,24,62,Nebraska,"Draft Eligible",,44,67,67,48,48,51,51,81,81,61,61,5,8,15,15,12,12,15,15,3,14,13,13,2,9,4,14,4,16,5,19,11,11,17,69,8,31,4,16,4,18,28,42,12,22,5,12,12,12,12,12,14,41,23,94,5,17,5,14,3,14,3,14,16,16,11,16,77,77,15,59,11,37,16,64,34,68
12099,John,Scott,LDE,Draft,77,272,29,61,Michigan,"Draft Eligible",,98,56,56,54,54,79,79,57,57,63,63,10,20,16,16,19,19,20,20,7,28,19,19,6,21,4,17,4,12,12,24,5,5,39,61,4,15,6,22,9,22,7,18,4,9,5,19,18,18,20,20,20,82,11,44,4,18,3,13,3,13,4,17,18,18,10,14,19,19,31,85,11,26,70,84,21,82
12134,Jason,Baize,QB,Draft,74,216,24,61,Other,"Draft Eligible",,22,39,39,93,93,70,70,85,85,54,54,15,62,35,35,74,74,96,96,14,56,26,26,10,39,3,11,6,18,3,10,15,15,4,18,4,18,17,29,18,36,8,33,6,16,4,13,5,5,12,12,3,12,6,13,9,11,5,13,5,15,9,12,21,21,3,14,8,8,2,7,14,15,14,14,6,13
11945,Kevin,Reyer,CB,Draft,72,215,31,61,Louisville,"Draft Eligible",,76,91,91,86,86,65,65,69,69,80,80,3,11,11,11,15,15,8,8,10,11,8,8,4,9,9,14,4,14,2,6,13,13,6,15,29,81,7,17,3,12,5,15,4,15,5,19,19,19,14,14,61,91,31,100,3,10,7,13,5,12,3,8,15,15,3,13,26,26,25,45,14,27,35,50,31,56
12230,Christopher,Freeman,RB,Draft,69,205,21,61,Other,"Draft Eligible",,32,56,56,91,91,69,69,84,84,46,46,3,13,14,14,10,10,17,17,2,8,16,16,3,14,10,39,24,94,34,67,62,62,4,12,4,17,15,61,25,100,6,24,5,19,18,59,10,10,16,16,4,16,4,10,4,14,2,9,7,9,3,12,14,14,3,13,39,39,10,15,8,11,4,15,5,8
11992,Brad,Wiens,RG,Draft,77,307,30,61,Colorado,"Draft Eligible",,82,76,76,46,46,96,96,25,25,36,36,1,5,7,7,4,4,6,6,1,4,7,7,2,5,2,6,2,6,4,7,5,5,2,8,1,5,1,4,2,8,2,7,13,52,31,57,56,56,23,23,2,5,2,7,4,9,5,8,2,8,1,6,8,8,2,7,7,7,7,8,2,5,2,7,3,7
12267,Howard,Pfeil,LDE,Draft,77,264,29,61,"Notre Dame","Draft Eligible",,54,74,74,69,69,69,69,90,90,69,69,4,17,26,26,18,18,15,15,6,19,17,17,4,16,12,14,6,13,6,23,13,13,30,68,13,50,4,15,5,21,10,12,3,11,6,23,23,23,20,20,6,22,17,68,5,19,4,18,4,15,12,19,28,28,11,17,16,16,15,60,4,15,3,11,31,79
12016,Hobert,Flores,WR,Draft,75,195,28,61,Kentucky,"Draft Eligible",,44,89,89,65,65,90,90,89,89,59,59,4,11,22,22,14,14,12,12,5,14,15,15,5,12,13,35,13,48,19,69,57,57,12,19,10,19,3,7,19,33,15,47,17,69,5,10,15,15,14,14,4,15,2,7,5,20,4,18,5,14,4,15,19,19,5,17,26,26,5,20,11,19,9,16,3,13
12279,Lance,Gonzalez,DT,Draft,76,292,23,61,"Eastern Illinois","Draft Eligible",,0,74,74,48,48,50,50,75,75,91,91,5,19,16,16,18,18,15,15,4,14,15,15,9,17,3,13,2,9,3,14,16,16,20,79,13,45,10,18,5,13,4,15,4,11,3,12,16,16,11,11,32,61,14,55,6,16,6,19,4,15,8,13,10,10,16,19,18,18,30,48,9,19,23,88,10,33
12289,Robert,Richardson,RG,Draft,74,309,26,60,"San Diego State","Draft Eligible",,12,40,40,65,65,69,69,99,99,98,98,3,11,16,16,12,12,12,12,2,8,9,9,3,12,3,13,3,11,3,14,15,15,4,9,4,13,12,12,6,13,10,14,18,70,8,31,40,40,39,39,2,8,5,13,3,13,3,12,5,21,3,14,9,9,4,14,13,13,2,9,3,13,5,17,3,13
12092,Louis,Prosser,TE,Draft,76,239,25,60,"Fresno State","Draft Eligible",,86,61,61,79,79,89,89,70,70,80,80,3,11,12,12,3,3,9,9,4,10,10,10,4,8,13,54,4,15,24,94,61,61,3,6,6,13,12,26,23,94,21,76,13,29,36,67,15,15,80,80,3,11,7,9,4,5,6,10,2,9,3,11,12,12,3,8,14,14,7,11,4,14,3,9,4,14
12122,Manuel,Wagner,MLB,Draft,73,256,25,60,"Washington State","Draft Eligible",,70,51,51,64,64,68,68,92,92,80,80,9,14,8,8,19,19,12,12,11,11,13,13,4,16,9,18,8,12,4,14,11,11,16,65,11,43,1,6,2,10,5,7,3,10,4,14,15,15,15,15,36,70,7,27,2,7,4,15,3,11,2,9,13,13,3,11,7,7,23,66,18,36,20,80,23,91
12141,Lorenzo,Mann,RG,Draft,75,332,26,60,Vanderbilt,"Draft Eligible",,26,41,41,39,39,58,58,45,45,65,65,3,9,14,14,15,15,10,10,4,15,13,13,3,13,11,17,4,16,3,14,14,14,2,10,3,11,5,19,3,10,3,13,33,46,36,95,97,97,29,29,3,10,3,13,3,13,5,12,2,10,5,14,10,10,2,7,12,12,8,12,7,14,3,12,3,11
12152,Derrick,Burks,CB,Draft,73,209,26,60,Wisconsin,"Draft Eligible",,26,82,82,47,47,63,63,47,47,63,63,4,16,13,13,14,14,11,11,5,10,23,23,3,14,9,17,4,16,5,13,11,11,15,58,17,67,7,9,3,10,11,46,4,18,6,10,15,15,18,18,11,46,40,64,5,11,7,15,11,16,3,9,13,13,3,14,19,19,4,15,29,66,22,89,52,64
12194,Brian,Porter,DT,Draft,76,309,27,60,Rutgers,"Draft Eligible",,20,42,42,39,39,84,84,62,62,80,80,7,15,14,14,18,18,13,13,4,15,5,5,8,15,4,11,3,13,4,15,17,17,15,61,18,72,2,9,5,12,4,15,2,8,3,6,7,7,11,11,22,34,39,79,5,14,5,9,4,15,8,13,19,19,9,14,13,13,36,57,6,23,9,36,10,38
11942,Patrick,Howard,WR,Draft,70,187,28,60,Duke,"Draft Eligible",,94,93,93,96,96,42,42,62,62,89,89,3,12,7,7,5,5,13,13,3,12,17,17,6,12,29,66,11,45,9,35,39,39,4,14,3,10,8,13,16,66,19,77,12,48,3,10,10,10,14,14,3,10,2,9,2,10,3,14,8,8,3,11,14,14,3,7,29,29,3,13,10,13,2,10,5,12
12211,James,Woodley,RG,Draft,77,306,26,60,"Fresno State","Draft Eligible",,22,40,40,40,40,65,65,71,71,45,45,3,10,11,11,8,8,14,14,3,14,12,12,3,13,3,12,6,14,2,8,10,10,5,13,4,15,15,15,9,12,7,11,7,29,45,100,34,34,41,41,3,10,1,6,2,8,13,15,3,12,3,13,11,11,7,13,6,6,3,8,6,11,2,10,7,13
11956,Robert,George,QB,Draft,73,208,28,60,Colorado,"Draft Eligible",,62,58,58,87,87,34,34,90,90,65,65,54,75,38,38,55,55,66,66,6,15,36,36,18,65,6,22,4,15,13,17,11,11,3,11,4,15,44,73,14,56,9,35,4,14,6,14,12,12,10,10,7,8,4,14,3,9,8,13,13,15,11,15,24,24,3,10,7,7,3,12,5,17,6,10,13,17
12261,Daniel,Streeter,WR,Draft,73,199,25,60,Georgia,"Draft Eligible",,80,39,39,84,84,48,48,43,43,67,67,2,9,11,11,15,15,12,12,9,11,13,13,3,11,16,65,27,73,7,29,99,99,5,19,4,15,5,10,12,15,25,99,15,57,3,13,16,16,16,16,3,12,6,13,9,13,10,14,3,13,3,13,13,13,3,11,21,21,2,7,3,13,9,11,4,14
12044,Joel,Fuqua,TE,Draft,75,256,25,59,"Kansas State","Draft Eligible",,88,37,37,86,86,57,57,94,94,41,41,6,17,17,17,11,11,15,15,2,9,8,8,3,11,17,68,20,53,12,19,94,94,3,12,4,9,23,50,10,40,8,31,57,96,17,69,90,90,23,23,2,8,4,14,2,10,4,14,3,14,7,17,12,12,4,17,18,18,4,15,8,13,6,11,3,11
12086,Orval,Cooke,RG,Draft,75,323,23,59,UCLA,"Draft Eligible",,32,23,23,34,34,96,96,51,51,30,30,3,11,8,8,11,11,12,12,2,7,4,4,7,9,4,9,3,10,4,9,6,6,2,7,2,7,3,8,6,13,2,7,9,36,20,80,46,46,89,89,2,9,1,5,3,11,5,12,2,7,3,12,11,11,2,9,6,6,2,7,2,9,5,12,3,10
12126,Ronald,Bell,QB,Draft,74,245,23,59,"Texas Southern","Draft Eligible",,52,59,59,70,70,43,43,60,60,85,85,21,40,49,49,92,92,98,98,15,61,80,80,22,82,6,10,6,18,10,18,17,17,11,21,4,15,15,25,33,47,26,32,4,10,5,21,17,17,13,13,12,21,6,17,4,14,5,17,6,13,10,22,57,57,4,12,12,12,5,15,3,11,4,15,6,9
12168,Mark,Moore,DT,Draft,74,297,24,59,UCLA,"Draft Eligible",,82,45,45,57,57,83,83,78,78,86,86,4,14,21,21,17,17,22,22,6,24,15,15,8,20,5,16,3,11,4,16,13,13,13,50,13,43,5,20,6,24,6,24,4,15,5,21,13,13,14,14,5,22,19,77,5,11,10,13,5,19,4,17,18,18,11,17,16,16,25,44,20,53,3,11,11,44
12177,James,Houston,QB,Draft,75,231,22,59,Missouri,"Draft Eligible",,44,43,43,75,75,51,51,80,80,94,94,18,72,53,53,43,43,52,52,26,47,14,14,14,55,3,7,4,16,2,10,12,12,10,11,4,15,24,67,10,24,14,55,4,14,5,8,15,15,14,14,3,13,7,13,2,7,11,11,11,18,4,7,74,74,5,12,14,14,4,15,4,15,3,12,11,16
12215,Manuel,Patterson,WLB,Draft,72,251,24,59,"Western Michigan","Draft Eligible",,12,75,75,50,50,66,66,54,54,53,53,2,8,21,21,5,5,14,14,6,19,19,19,5,19,4,10,4,13,6,11,21,21,11,45,8,30,3,12,5,19,4,17,6,14,6,16,15,15,20,20,23,64,15,59,3,14,5,17,4,10,7,12,17,17,4,15,21,21,43,100,13,52,14,56,6,24
12228,Benjamin,Lott,CB,Draft,72,199,23,59,Marshall,"Draft Eligible",,26,50,50,54,54,26,26,66,66,70,70,7,18,20,20,14,14,17,17,4,13,12,12,4,14,4,17,3,10,4,15,9,9,60,83,8,13,3,14,4,17,15,60,8,12,5,14,9,9,15,15,19,76,30,49,4,14,8,18,5,18,5,19,22,22,4,16,46,46,25,100,20,81,14,42,27,71
12247,Darryl,Buchanan,RB,Draft,71,211,27,59,Mississippi,"Draft Eligible",,20,49,49,55,55,92,92,52,52,83,83,13,13,10,10,7,7,17,17,3,13,10,10,5,18,57,90,6,15,6,22,66,66,3,10,7,13,23,45,34,62,57,89,21,25,16,64,19,19,13,13,4,14,4,13,6,11,3,10,3,13,6,12,15,15,5,15,29,29,6,13,4,14,4,9,3,10
12052,Karl,Helms,RB,Draft,70,210,23,58,Maryland,"Draft Eligible",,4,64,64,65,65,45,45,89,89,79,79,3,13,5,5,12,12,11,11,4,14,9,9,3,14,27,41,34,39,33,72,87,87,6,14,4,16,23,71,11,42,13,50,20,48,7,16,13,13,16,16,4,16,3,12,8,11,4,10,4,12,5,14,8,8,4,9,21,21,2,8,2,9,3,8,3,11
12073,Joshua,Davis,RDE,Draft,76,306,26,58,Baylor,"Draft Eligible",,70,67,67,64,64,94,94,59,59,69,69,12,15,14,14,20,20,26,26,9,12,18,18,3,13,4,17,14,26,6,22,8,8,18,70,16,21,2,7,5,10,9,24,8,13,6,17,16,16,15,15,11,45,7,27,6,23,5,22,11,21,14,25,11,11,4,16,22,22,17,67,13,33,39,94,14,55
12138,Francisco,Perez,CB,Draft,72,216,24,58,Pittsburgh,"Draft Eligible",,16,84,84,54,54,84,84,48,48,41,41,3,10,15,15,13,13,10,10,3,14,10,10,10,16,4,12,3,11,3,8,9,9,33,100,21,86,8,16,4,16,5,18,3,12,4,14,16,16,9,9,20,44,33,84,5,12,5,9,2,7,5,9,13,13,2,7,97,97,13,50,19,50,13,27,18,74
12167,John,Gonzalez,MLB,Draft,74,228,21,58,"Arizona State","Draft Eligible",,36,60,60,43,43,49,49,68,68,72,72,5,12,14,14,9,9,17,17,13,13,7,7,15,19,5,16,3,11,7,12,10,10,15,61,23,90,8,14,5,14,6,11,4,17,3,10,17,17,14,14,16,64,15,61,3,13,4,15,4,15,3,13,13,13,10,18,10,10,13,52,14,55,22,87,9,35
12200,Kyle,Holbrook,C,Draft,76,280,28,58,"Nevada - Las Vegas","Draft Eligible",,96,59,59,35,35,58,58,87,87,76,76,6,13,12,12,15,15,14,14,4,9,11,11,6,12,11,13,3,12,3,13,4,4,6,15,4,16,7,16,3,12,2,9,19,74,4,15,82,82,11,11,4,15,4,15,3,11,16,16,3,10,8,15,16,16,6,13,13,13,4,15,2,8,3,12,4,13
12212,John,Reyes,RB,Draft,70,229,25,58,Louisville,"Draft Eligible",,96,63,63,87,87,84,84,96,96,74,74,6,11,10,10,9,9,12,12,3,12,10,10,1,5,4,15,63,82,14,54,90,90,3,10,13,15,14,53,39,61,10,42,31,52,9,36,13,13,9,9,3,13,3,10,3,13,3,12,5,17,3,8,11,11,3,13,14,14,3,13,3,9,2,5,3,13
12276,Robert,Carrillo,RG,Draft,74,314,32,58,"Southern California","Draft Eligible",,28,45,45,59,59,96,96,59,59,71,71,4,16,24,24,19,19,23,23,4,15,19,19,4,14,3,9,7,26,4,15,19,19,7,16,5,18,16,21,4,18,8,22,43,43,10,40,45,45,85,85,5,22,3,8,8,12,5,21,6,25,4,18,12,12,9,17,14,14,14,21,7,26,5,20,7,11
12055,Kenneth,Smith,LDE,Draft,77,293,26,57,Temple,"Draft Eligible",,80,56,56,56,56,70,70,61,61,95,95,4,15,18,18,17,17,8,8,4,13,14,14,4,17,6,12,5,18,10,23,13,13,20,53,8,32,5,18,4,9,7,21,4,15,14,21,11,11,17,17,19,37,30,97,4,14,3,13,2,9,4,17,13,13,7,13,19,19,15,60,23,90,20,76,54,59
12101,Robert,Washington,RB,Draft,71,204,20,57,Nebraska,"Draft Eligible",,62,52,52,58,58,89,89,84,84,67,67,5,14,19,19,11,11,17,17,3,13,18,18,3,9,9,32,19,77,20,79,98,98,9,16,3,12,7,15,17,67,12,50,26,94,13,39,10,10,14,14,4,15,4,9,5,11,4,17,5,12,3,14,16,16,5,20,41,41,5,14,4,17,8,16,2,7
12164,John,Peachey,TE,Draft,75,250,24,57,Memphis,"Draft Eligible",,20,43,43,80,80,47,47,68,68,80,80,3,11,12,12,13,13,13,13,4,14,15,15,3,12,9,35,26,36,33,84,53,53,7,14,4,17,11,44,25,100,34,87,14,45,8,33,17,17,93,93,4,15,3,12,8,15,10,16,10,14,3,13,13,13,4,15,15,15,6,17,4,18,7,15,9,15
12178,Willie,Cotton,CB,Draft,73,207,24,57,Clemson,"Draft Eligible",,52,51,51,71,71,67,67,81,81,52,52,5,17,18,18,10,10,17,17,6,16,16,16,6,22,2,10,7,13,2,9,23,23,40,73,12,48,5,16,3,7,25,100,3,12,7,11,12,12,15,15,27,72,25,100,6,16,3,13,4,16,3,13,18,18,6,19,39,39,12,42,21,65,10,39,20,60
12196,Robert,Martinez,FB,Draft,70,239,19,57,"Tennessee - Martin","Draft Eligible",,22,56,56,14,14,61,61,48,48,40,40,6,11,10,10,9,9,7,7,6,11,8,8,3,13,17,60,14,54,33,88,71,71,2,9,3,14,6,15,13,54,28,96,9,35,49,77,12,12,16,16,4,14,7,13,3,9,4,14,3,12,9,9,15,15,3,10,9,9,11,18,3,10,4,11,3,13
12254,John,Kirkland,WR,Draft,72,194,29,57,UCLA,"Draft Eligible",,74,90,90,47,47,95,95,99,99,80,80,8,13,9,9,15,15,11,11,3,14,10,10,4,14,4,15,15,59,9,15,94,94,3,7,8,15,3,11,12,20,13,54,23,91,5,13,9,9,14,14,3,11,13,13,4,15,6,11,10,16,4,13,3,3,2,7,97,97,3,12,3,11,8,12,2,7
12042,William,Buck,WLB,Draft,72,256,23,56,"Louisiana Tech","Draft Eligible",,66,61,61,44,44,84,84,93,93,83,83,3,12,9,9,13,13,14,14,6,13,6,6,3,12,4,17,3,14,4,12,14,14,23,93,29,82,7,11,5,14,2,7,5,11,2,8,11,11,14,14,4,15,13,33,3,12,4,10,4,14,3,11,15,15,10,14,11,11,19,77,20,79,7,29,17,38
12103,Lorenzo,Lewis,FB,Draft,74,255,25,56,"Notre Dame","Draft Eligible",,8,64,64,35,35,59,59,62,62,70,70,4,16,12,12,9,9,8,8,8,17,7,7,3,11,9,37,6,12,76,94,25,25,2,9,3,13,12,49,21,36,28,70,54,67,15,59,10,10,12,12,9,16,7,14,1,6,4,15,4,16,3,14,10,10,3,14,11,11,9,12,7,14,7,14,3,11
12133,Shawn,Morgan,QB,Draft,74,227,23,56,Arizona,"Draft Eligible",,16,21,21,53,53,23,23,88,88,77,77,10,39,67,67,91,91,54,54,13,36,89,89,16,63,5,12,6,10,4,15,20,20,3,8,3,11,9,32,20,26,11,45,3,13,10,14,12,12,13,13,8,14,4,12,3,9,2,9,8,18,4,15,51,51,6,15,11,11,4,17,4,15,4,14,4,15
12173,Hugo,Martinez,WR,Draft,75,190,29,56,"Southern University","Draft Eligible",,38,49,49,93,93,46,46,91,91,62,62,4,15,9,9,17,17,19,19,4,10,0,0,2,8,10,41,35,40,30,50,60,60,5,18,6,14,4,17,25,100,10,15,10,42,4,16,8,8,9,9,2,6,3,13,4,13,4,10,3,11,1,6,12,12,4,18,93,93,3,10,2,9,3,14,7,13
11971,Merle,Welch,QB,Draft,73,203,22,56,Other,"Draft Eligible",,28,72,72,67,67,78,78,56,56,94,94,17,59,90,90,57,57,96,96,12,48,87,87,20,51,5,17,7,14,5,19,13,13,3,13,17,17,13,51,22,77,19,77,5,14,9,13,16,16,14,14,17,17,3,13,14,16,4,17,5,18,6,23,63,63,8,20,14,14,4,8,15,17,6,14,7,12
11972,Robert,Gregg,MLB,Draft,74,250,27,56,"Southern California","Draft Eligible",,4,61,61,71,71,66,66,56,56,72,72,4,14,16,16,14,14,15,15,3,13,16,16,2,9,4,16,4,17,4,12,13,13,18,50,4,17,14,14,4,12,5,12,4,14,3,10,13,13,7,7,28,67,11,44,9,12,4,16,4,14,5,12,9,9,4,16,12,12,6,15,11,44,42,63,15,28
11973,Billy,Halcomb,RT,Draft,78,329,26,56,"Notre Dame","Draft Eligible",,32,72,72,30,30,81,81,54,54,82,82,5,13,14,14,6,6,7,7,3,11,13,13,5,8,4,9,5,16,4,8,9,9,4,12,3,10,3,11,2,8,1,4,16,37,13,51,71,71,55,55,3,12,4,9,3,13,5,10,5,12,4,14,6,6,2,8,8,8,3,10,5,9,6,8,5,9
12008,James,Chism,SLB,Draft,73,232,25,56,Minnesota,"Draft Eligible",,86,47,47,47,47,80,80,59,59,96,96,9,16,11,11,10,10,13,13,8,11,18,18,5,19,4,16,5,11,3,12,13,13,18,69,23,93,8,14,6,14,5,18,4,15,4,15,12,12,13,13,10,40,13,51,5,10,4,15,5,14,5,16,18,18,11,14,15,15,4,15,25,92,9,36,7,28
12264,Julius,Winter,CB,Draft,71,220,27,56,"Lewis and Clark","Draft Eligible",,56,77,77,90,90,89,89,64,64,97,97,2,9,13,13,12,12,16,16,4,16,12,12,4,17,8,14,4,16,3,9,14,14,21,25,18,66,7,16,10,14,7,17,3,10,4,16,11,11,13,13,23,85,8,17,3,11,3,12,3,13,2,9,18,18,4,16,44,44,13,52,13,52,6,23,24,59
12026,Clifford,Holifield,DT,Draft,76,293,25,56,Kansas,"Draft Eligible",,54,71,71,81,81,76,76,65,65,69,69,4,18,15,15,8,8,14,14,4,11,9,9,9,15,2,7,3,13,4,11,7,7,8,30,25,99,3,14,3,11,4,14,12,12,8,13,9,9,15,15,16,65,5,20,8,14,7,17,3,10,12,15,11,11,9,16,14,14,12,33,29,84,14,19,4,12
12286,Thomas,Bullard,K,Draft,72,205,28,56,"Florida A&M","Draft Eligible",,82,11,11,67,67,67,67,92,92,83,83,11,15,18,18,18,18,18,18,13,18,12,12,13,19,13,16,9,13,13,18,18,18,14,19,10,14,12,17,10,14,14,20,16,18,13,17,15,15,15,15,14,20,9,13,16,19,13,16,35,43,43,61,18,18,14,16,21,21,11,15,19,21,13,18,18,20
12123,Scott,Peachey,WR,Draft,72,186,28,55,"North Carolina","Draft Eligible",,82,82,82,60,60,60,60,55,55,65,65,5,15,18,18,17,17,13,13,4,16,19,19,11,13,13,32,38,54,8,33,69,69,3,13,4,17,5,18,25,99,7,18,4,15,4,13,17,17,18,18,3,14,4,14,3,11,10,19,4,14,10,15,17,17,6,16,66,66,3,14,4,15,4,18,4,18
12129,Leonard,Colunga,FS,Draft,73,201,25,55,Other,"Draft Eligible",,16,76,76,72,72,53,53,74,74,77,77,2,8,6,6,5,5,4,4,1,6,7,7,2,8,1,5,1,5,2,5,6,6,13,51,20,70,3,8,2,8,23,29,2,9,2,7,8,8,7,7,24,64,16,42,2,6,1,4,2,7,2,7,5,5,2,6,51,51,15,33,7,15,9,36,36,49
12154,John,Geary,WR,Draft,72,189,26,55,"Florida State","Draft Eligible",,12,73,73,92,92,66,66,45,45,81,81,5,10,14,14,9,9,7,7,8,11,11,11,2,9,20,29,22,89,23,25,57,57,3,7,9,9,3,10,4,15,13,32,6,23,2,7,11,11,10,10,3,11,2,6,3,6,4,14,3,13,3,11,16,16,4,16,30,30,4,17,3,10,11,11,11,11
12166,Rodger,John,WR,Draft,73,191,28,55,Indiana,"Draft Eligible",,78,55,55,37,37,87,87,89,89,89,89,3,12,10,10,9,9,8,8,8,11,8,8,6,8,29,56,43,55,14,55,56,56,2,7,2,8,2,7,4,15,61,100,8,33,3,7,8,8,9,9,1,5,1,5,3,7,6,8,2,5,2,9,9,9,2,8,60,60,2,8,4,15,2,8,3,11
12190,Martin,Brick,RG,Draft,75,314,23,55,Other,"Draft Eligible",,42,62,62,30,30,67,67,69,69,50,50,4,6,6,6,9,9,11,11,3,12,6,6,2,8,2,8,3,5,9,12,3,3,3,10,6,7,4,13,8,9,2,5,17,70,10,38,58,58,78,78,2,9,3,9,3,11,2,10,8,10,4,11,11,11,2,9,10,10,2,8,7,12,2,9,5,7
12201,Fernando,Norton,FS,Draft,73,187,24,55,UCLA,"Draft Eligible",,80,62,62,61,61,97,97,53,53,84,84,6,14,12,12,17,17,17,17,9,16,17,17,3,6,4,16,4,15,4,15,19,19,27,64,12,47,4,14,5,19,6,24,4,15,9,18,16,16,10,10,18,48,4,15,10,16,7,17,4,17,3,11,18,18,6,14,12,12,35,80,20,79,32,44,13,47
12202,Robert,Lucas,CB,Draft,71,210,27,55,"Southern Methodist","Draft Eligible",,30,82,82,40,40,83,83,89,89,84,84,10,10,12,12,12,12,8,8,7,8,7,7,6,8,1,3,2,9,1,3,8,8,36,47,6,12,11,14,3,12,12,46,2,7,1,4,10,10,9,9,9,35,29,64,6,11,4,7,1,5,1,4,7,7,3,10,79,79,10,40,48,74,9,35,35,62
12251,Peter,Maness,DT,Draft,75,269,25,55,"West Virginia","Draft Eligible",,36,51,51,73,73,89,89,45,45,77,77,3,11,11,11,11,11,10,10,4,16,11,11,2,9,2,9,5,20,2,7,15,15,35,63,17,67,2,8,4,6,3,12,1,6,3,12,8,8,15,15,11,45,8,26,2,5,3,11,2,9,6,18,9,9,5,7,12,12,49,98,4,15,65,87,15,18
12258,Daniel,Blue,FB,Draft,72,252,20,55,Idaho,"Draft Eligible",,54,66,66,52,52,61,61,71,71,86,86,2,7,8,8,8,8,10,10,4,7,9,9,2,8,23,90,12,46,5,22,44,44,2,7,5,7,5,15,30,77,11,21,16,64,13,53,10,10,6,6,2,7,2,8,2,9,4,7,2,9,4,8,10,10,2,9,7,7,1,6,1,3,3,7,3,7
12007,Robert,Hy,SS,Draft,71,203,27,55,"Southern Methodist","Draft Eligible",,34,88,88,71,71,48,48,76,76,67,67,5,20,16,16,10,10,4,4,5,17,14,14,3,10,2,9,2,10,2,7,13,13,32,42,17,59,6,12,2,9,9,36,5,14,4,15,10,10,14,14,21,82,9,15,5,9,3,11,4,14,5,19,12,12,3,11,70,70,4,15,86,86,21,55,11,43
12020,James,Boyd,WR,Draft,71,213,25,55,Stanford,"Draft Eligible",,52,58,58,41,41,48,48,50,50,71,71,6,12,15,15,10,10,7,7,4,13,9,9,9,12,21,82,24,51,41,48,55,55,3,5,4,16,15,17,14,47,69,100,6,23,6,12,11,11,11,11,4,17,9,14,5,12,4,15,9,15,4,17,6,6,5,19,35,35,3,13,5,20,3,9,8,15
12278,Patrick,Laurent,P,Draft,76,207,25,55,Oregon,"Draft Eligible",,86,91,91,56,56,35,35,54,54,24,24,16,22,16,16,20,20,12,12,7,10,22,22,9,13,10,14,12,17,12,14,9,9,15,21,5,7,10,13,8,11,14,21,12,17,10,12,16,16,19,19,17,21,9,13,40,58,60,85,8,10,10,14,53,53,36,43,21,21,13,19,11,16,13,18,10,15
12028,Edward,Garland,QB,Draft,76,202,25,55,Purdue,"Draft Eligible",,32,55,55,75,75,56,56,55,55,59,59,10,40,47,47,79,79,60,60,35,60,71,71,46,76,5,18,1,6,7,14,25,25,5,16,5,22,31,70,8,19,18,34,4,14,4,16,20,20,16,16,4,16,5,21,3,11,5,20,12,13,3,13,41,41,5,19,17,17,3,13,4,14,4,17,4,15
12056,John,Williams,WR,Draft,73,203,25,54,"North Central","Draft Eligible",,42,38,38,81,81,71,71,81,81,80,80,10,17,14,14,15,15,11,11,3,12,12,12,6,13,17,60,14,49,19,28,72,72,4,14,3,13,4,16,29,45,20,79,7,29,3,11,11,11,14,14,5,15,2,10,6,18,3,11,10,10,4,14,18,18,3,14,31,31,4,16,3,10,7,12,4,13
12075,Andy,Clark,RG,Draft,74,309,23,54,"Oklahoma State","Draft Eligible",,50,59,59,46,46,61,61,70,70,93,93,5,20,14,14,11,11,11,11,4,14,14,14,3,12,3,13,2,9,8,14,16,16,6,15,6,15,3,11,10,14,4,16,12,47,11,45,56,56,21,21,11,15,11,14,5,19,11,11,7,17,3,13,16,16,14,19,15,15,1,5,8,13,4,11,13,18
12143,Willie,Moffett,LT,Draft,76,317,25,54,Nebraska,"Draft Eligible",,98,61,61,48,48,59,59,93,93,99,99,12,19,19,19,9,9,17,17,3,12,19,19,6,26,3,13,3,12,7,26,13,13,17,20,5,18,4,15,11,18,16,24,17,23,16,65,31,31,79,79,6,18,4,14,1,4,4,16,3,11,5,14,16,16,3,12,16,16,5,14,4,17,4,18,17,22
12181,Daniel,James,SLB,Draft,75,240,25,54,Texas,"Draft Eligible",,76,45,45,46,46,49,49,75,75,90,90,4,15,26,26,8,8,16,16,8,17,14,14,4,17,11,12,8,10,14,18,12,12,16,62,6,25,13,15,3,10,5,18,3,14,5,17,12,12,10,10,9,36,14,47,4,15,3,11,3,11,2,5,16,16,9,16,15,15,5,22,40,78,47,61,16,65
11988,Frank,Donald,RB,Draft,71,215,21,54,Alabama,"Draft Eligible",,36,61,61,86,86,99,99,68,68,51,51,4,14,11,11,13,13,14,14,8,13,12,12,4,15,17,67,18,72,16,45,42,42,14,17,8,15,8,34,16,63,12,15,3,11,15,18,14,14,12,12,7,12,3,11,4,16,4,16,1,5,4,17,15,15,8,18,94,94,5,14,4,16,3,10,2,7
12245,Michael,Thorne,RB,Draft,72,202,19,54,Nebraska,"Draft Eligible",,12,47,47,72,72,65,65,59,59,68,68,2,6,18,18,11,11,15,15,3,10,13,13,6,10,20,78,16,64,18,68,82,82,4,14,3,11,27,84,5,18,9,27,15,40,25,81,17,17,12,12,4,14,9,12,3,13,4,11,4,16,2,9,15,15,3,8,91,91,7,14,4,16,4,17,10,13
12253,Robert,Farmer,K,Draft,74,222,27,54,Other,"Draft Eligible",,64,14,14,57,57,98,98,54,54,94,94,9,13,13,13,11,11,16,16,13,18,22,22,15,15,16,23,19,24,13,19,22,22,10,15,14,19,14,18,14,19,9,13,15,15,12,15,15,15,16,16,18,22,10,15,12,18,14,18,36,52,34,48,17,17,14,20,21,21,16,22,12,15,9,11,13,19
12012,Duane,Salgado,QB,Draft,74,216,23,54,Kean,"Draft Eligible",,46,76,76,72,72,98,98,70,70,48,48,12,33,78,78,57,57,98,98,10,39,48,48,26,59,9,13,4,16,4,11,8,8,5,11,3,13,29,91,19,74,21,84,3,12,3,13,10,10,13,13,3,13,8,11,4,14,3,12,6,9,5,7,97,97,1,6,10,10,2,9,3,12,11,15,6,10
12268,Howard,Woodward,LG,Draft,77,311,20,54,Florida,"Draft Eligible",,84,67,67,35,35,48,48,33,33,38,38,3,12,9,9,9,9,10,10,2,10,12,12,3,10,2,9,4,13,3,8,8,8,3,9,3,13,6,12,2,6,5,9,19,76,12,47,99,99,72,72,4,13,5,7,3,14,6,13,2,8,2,10,7,7,9,11,7,7,3,13,3,10,3,11,3,10
12019,Jay,Floyd,C,Draft,75,282,28,54,"Southern Mississippi","Draft Eligible",,44,49,49,54,54,100,100,55,55,63,63,7,7,9,9,9,9,8,8,2,7,5,5,4,4,2,4,1,4,2,6,7,7,3,11,2,9,2,7,5,9,4,10,21,62,4,15,37,37,17,17,1,4,2,6,2,2,6,7,3,6,2,6,6,6,2,6,4,4,7,9,1,5,2,7,2,7
12280,Amos,Sharp,TE,Draft,77,233,26,54,Vanderbilt,"Draft Eligible",,60,67,67,56,56,96,96,95,95,91,91,5,11,11,11,13,13,10,10,9,17,12,12,4,10,19,44,24,43,14,56,86,86,3,11,3,11,17,21,25,100,5,15,7,27,9,37,71,71,39,39,3,10,3,12,2,7,3,10,4,13,7,16,10,10,5,8,11,11,3,3,2,9,2,8,3,13
12063,Jeremy,Laurel,CB,Draft,71,202,26,53,"Southern Mississippi","Draft Eligible",,14,60,60,86,86,61,61,78,78,83,83,2,6,13,13,11,11,12,12,3,10,14,14,2,8,1,5,3,14,2,8,12,12,39,61,9,36,6,14,6,15,17,70,1,4,9,13,10,10,10,10,12,48,27,35,8,12,4,11,4,10,7,13,11,11,5,13,95,95,28,65,13,53,9,36,6,15
12074,Cecil,Phillips,FB,Draft,73,232,21,53,Springfield,"Draft Eligible",,98,68,68,55,55,53,53,83,83,77,77,5,14,11,11,10,10,13,13,3,11,12,12,4,9,11,11,13,41,3,11,33,33,8,10,2,8,16,63,17,69,57,100,15,46,18,73,13,13,15,15,3,11,3,13,4,18,6,9,3,13,3,10,11,11,4,16,11,11,7,12,7,7,9,14,3,10
12097,Jack,Torres,WR,Draft,72,200,26,53,Nebraska,"Draft Eligible",,4,63,63,71,71,43,43,90,90,94,94,7,12,10,10,11,11,14,14,4,9,16,16,3,11,13,34,32,47,14,27,53,53,3,10,8,11,2,8,18,73,18,74,19,75,4,11,11,11,15,15,3,13,4,16,3,10,19,20,4,11,4,15,11,11,3,8,33,33,4,8,3,12,11,16,4,15
12104,Douglas,Lemelle,WR,Draft,73,196,30,53,"Florida State","Draft Eligible",,78,84,84,75,75,62,62,62,62,63,63,6,12,12,12,14,14,10,10,3,12,5,5,2,8,21,41,17,24,5,19,87,87,3,10,4,15,6,10,4,15,14,50,24,97,7,12,5,5,3,3,3,9,3,10,4,9,4,8,4,15,4,14,7,7,3,9,41,41,3,10,4,8,4,9,2,7
12185,Travis,Hunter,RDE,Draft,75,295,26,53,Temple,"Draft Eligible",,46,68,68,52,52,97,97,76,76,64,64,12,12,7,7,10,10,10,10,5,12,11,11,2,7,3,12,6,9,3,11,12,12,10,41,23,48,3,13,3,10,8,16,2,9,3,10,11,11,10,10,16,43,6,15,3,13,4,11,3,13,2,9,11,11,3,13,5,5,28,85,6,17,17,69,7,30
12220,Jose,Trejo,TE,Draft,75,258,23,53,"Illinois State","Draft Eligible",,58,45,45,59,59,93,93,79,79,45,45,1,6,7,7,5,5,6,6,1,6,5,5,1,6,9,35,15,60,12,49,90,90,2,5,2,4,7,15,9,36,25,39,12,47,14,26,76,76,67,67,4,8,2,8,1,6,2,7,2,7,1,6,7,7,4,7,7,7,5,7,2,4,4,6,2,8
11975,Jed,Zepeda,WR,Draft,71,191,29,53,"Georgia Tech","Draft Eligible",,58,72,72,61,61,96,96,58,58,26,26,5,8,6,6,4,4,8,8,3,10,7,7,4,8,22,42,4,17,25,37,98,98,1,3,3,6,2,7,25,35,9,17,18,73,2,6,6,6,7,7,3,9,1,5,2,8,1,4,2,7,1,6,9,9,2,6,57,57,1,6,7,7,2,8,3,7
12037,Noe,Meyer,WR,Draft,72,212,27,52,Massachusetts,"Draft Eligible",,62,68,68,47,47,42,42,82,82,84,84,3,11,9,9,11,11,9,9,3,11,11,11,3,9,16,33,11,31,8,31,92,92,7,8,3,11,3,12,24,66,11,43,36,39,3,9,9,9,12,12,2,8,2,7,2,8,3,13,2,9,5,12,12,12,7,15,17,17,6,12,3,12,4,10,2,10
12079,Phillip,Sites,QB,Draft,73,208,22,52,Vanderbilt,"Draft Eligible",,8,17,17,39,39,62,62,70,70,38,38,9,36,16,16,54,54,50,50,39,63,67,67,23,56,3,11,2,8,3,12,12,12,8,9,7,13,23,91,25,92,7,27,1,5,3,11,7,7,13,13,3,11,4,15,4,7,4,11,5,12,8,11,90,90,2,10,10,10,2,5,3,9,4,14,7,13
12091,Raymond,Post,FB,Draft,71,241,20,52,Tennessee,"Draft Eligible",,24,87,87,81,81,51,51,50,50,24,24,3,3,7,7,8,8,5,5,2,7,5,5,2,7,7,21,6,24,23,92,43,43,1,6,3,7,10,42,18,72,4,15,6,23,20,41,8,8,4,4,2,8,2,3,3,7,3,7,2,7,1,5,9,9,1,5,7,7,1,5,1,4,1,5,2,5
12121,Donald,Brown,CB,Draft,72,192,24,52,"Penn State","Draft Eligible",,34,88,88,50,50,27,27,69,69,88,88,10,16,7,7,10,10,9,9,3,11,8,8,5,12,2,7,3,13,3,11,13,13,16,27,22,72,3,11,2,10,5,20,2,10,3,14,8,8,10,10,24,94,11,45,9,13,6,10,3,9,4,12,8,8,6,9,22,22,23,27,19,77,16,65,12,15
11959,James,Marcucci,LG,Draft,76,310,25,52,Mississippi,"Draft Eligible",,40,41,41,47,47,67,67,90,90,47,47,4,17,15,15,15,15,12,12,4,14,15,15,3,13,2,10,7,14,3,12,14,14,7,12,4,16,3,13,3,11,10,11,26,52,11,34,65,65,23,23,8,19,7,11,1,6,7,19,10,13,13,16,14,14,5,20,21,21,3,12,16,16,2,10,7,13
11987,Mario,Tyler,RT,Draft,76,315,24,52,Tulsa,"Draft Eligible",,66,28,28,77,77,83,83,20,20,57,57,1,6,5,5,9,9,6,6,6,6,5,5,4,7,1,5,2,7,3,4,6,6,2,7,1,5,4,8,1,6,2,5,10,39,14,36,86,86,44,44,6,9,3,8,4,7,1,5,1,6,1,4,7,7,3,6,3,3,4,5,2,7,2,6,1,3
12260,Keith,Owen,RT,Draft,76,329,24,52,"Mount Union","Draft Eligible",,48,46,46,31,31,86,86,54,54,60,60,4,11,8,8,10,10,8,8,7,10,18,18,2,9,4,10,10,15,3,11,11,11,6,9,8,12,6,9,5,10,7,11,8,33,13,44,65,65,67,67,2,6,1,6,3,11,3,13,2,10,2,5,12,12,3,6,6,6,6,8,5,12,3,10,3,12
12036,David,Easterday,RDE,Draft,76,279,22,51,"South Carolina","Draft Eligible",,94,59,59,31,31,64,64,59,59,58,58,3,6,10,10,13,13,17,17,3,11,13,13,4,9,7,13,4,14,5,20,12,12,16,63,64,69,5,10,5,10,4,13,3,13,3,14,11,11,11,11,17,68,4,16,4,15,7,15,6,13,7,11,12,12,2,6,16,16,7,27,23,69,11,45,44,94
12105,Ronald,Stewart,TE,Draft,77,261,22,51,"San Jose State","Draft Eligible",,8,48,48,67,67,52,52,78,78,54,54,2,8,8,8,10,10,10,10,3,6,15,15,0,1,6,22,16,29,15,45,80,80,6,10,2,7,14,40,20,44,25,100,17,32,13,51,88,88,57,57,3,11,4,10,3,10,2,6,2,8,2,8,11,11,2,10,8,8,1,4,4,7,5,10,3,4
12132,Lloyd,Manzo,QB,Draft,75,215,18,51,Other,"Draft Eligible",,48,32,32,11,11,70,70,58,58,90,90,14,55,58,58,53,53,95,95,17,66,46,46,8,33,3,10,5,19,3,6,15,15,4,15,4,17,58,87,10,38,8,32,3,14,3,12,14,14,12,12,9,17,4,13,3,13,6,15,9,13,2,8,15,15,3,12,12,12,4,17,2,9,14,19,4,16
12145,Micheal,Clayton,DT,Draft,74,282,24,51,Baylor,"Draft Eligible",,60,68,68,63,63,42,42,55,55,42,42,4,8,10,10,10,10,12,12,6,9,13,13,10,10,6,12,3,12,3,10,10,10,45,88,20,79,3,12,6,15,4,9,1,4,2,8,12,12,14,14,13,15,18,49,5,12,2,9,6,14,4,15,15,15,3,13,11,11,10,41,8,34,38,75,15,47
12146,Andrew,Anderson,RB,Draft,70,190,21,51,Syracuse,"Draft Eligible",,86,74,74,73,73,43,43,69,69,70,70,2,10,6,6,12,12,13,13,8,13,11,11,6,13,12,29,14,22,7,30,78,78,3,8,3,9,34,50,18,42,20,80,8,30,9,38,12,12,11,11,3,12,3,10,5,9,6,6,5,7,6,11,13,13,9,12,50,50,2,8,3,11,3,12,4,9
12162,Mark,So,DT,Draft,74,283,24,51,"Southern Illinois","Draft Eligible",,74,39,39,35,35,86,86,64,64,57,57,4,15,16,16,9,9,9,9,3,13,13,13,4,17,3,9,3,12,4,12,12,12,41,41,18,72,2,9,3,10,3,13,2,8,3,12,12,12,17,17,11,46,18,48,2,8,3,12,5,13,3,14,13,13,3,12,8,8,4,15,9,35,13,52,41,64
11960,Walter,Meredith,WLB,Draft,71,262,21,51,Tennessee,"Draft Eligible",,28,58,58,41,41,82,82,62,62,45,45,5,18,7,7,14,14,13,13,2,8,17,17,4,15,4,12,3,12,2,6,14,14,7,15,15,59,3,12,3,13,7,13,3,13,3,12,12,12,15,15,32,66,16,64,7,13,3,12,4,15,4,8,19,19,4,17,11,11,25,100,15,61,12,46,10,42
11974,Maurice,Mullins,CB,Draft,72,216,25,51,Oklahoma,"Draft Eligible",,14,86,86,64,64,34,34,50,50,71,71,8,20,12,12,12,12,15,15,9,17,11,11,4,15,4,17,5,18,8,16,15,15,39,76,13,23,3,13,2,9,40,100,3,13,5,14,13,13,13,13,5,19,9,36,3,11,2,8,6,16,11,19,10,10,3,12,64,64,61,61,20,64,7,29,8,32
11980,David,Tincher,TE,Draft,77,255,21,51,Oklahoma,"Draft Eligible",,76,42,42,42,42,43,43,84,84,53,53,3,9,5,5,9,9,8,8,3,14,13,13,4,16,23,91,4,15,61,74,87,87,3,14,2,8,17,17,4,16,11,43,14,58,31,43,31,31,50,50,16,18,3,10,7,17,5,10,7,17,16,18,15,15,4,12,13,13,2,10,7,10,6,12,14,19
12269,Antonio,Curry,CB,Draft,71,213,23,51,Kansas,"Draft Eligible",,46,61,61,74,74,33,33,61,61,87,87,3,11,11,11,13,13,13,13,4,18,18,18,8,14,3,14,6,11,2,10,10,10,52,52,14,52,4,14,6,15,10,15,10,16,9,15,14,14,9,9,35,89,4,15,2,9,6,15,3,13,4,16,14,14,3,11,82,82,4,15,13,52,17,68,10,40
12022,Joseph,Wall,WR,Draft,72,193,25,51,"Georgia Southern","Draft Eligible",,90,65,65,93,93,65,65,46,46,97,97,9,16,14,14,11,11,11,11,6,10,13,13,2,5,14,54,8,34,7,18,64,64,3,13,7,16,2,8,16,25,9,36,8,32,2,7,8,8,13,13,4,17,3,10,3,12,3,13,3,11,2,9,9,9,4,10,80,80,8,11,2,10,5,13,9,16
12039,Sidney,Johnson,RT,Draft,78,326,23,50,"Kansas State","Draft Eligible",,62,57,57,58,58,57,57,90,90,37,37,6,7,8,8,7,7,8,8,2,7,8,8,5,6,3,11,2,7,2,9,6,6,2,10,6,11,2,8,2,8,2,8,16,51,16,34,25,25,15,15,2,8,4,8,4,7,4,11,2,7,2,7,5,5,2,8,9,9,2,10,3,6,4,7,2,8
12065,Kenneth,Gibbs,RT,Draft,78,328,27,50,"Mississippi State","Draft Eligible",,80,52,52,73,73,65,65,98,98,58,58,4,18,14,14,9,9,13,13,4,15,17,17,2,7,4,15,13,19,14,25,18,18,2,9,4,14,7,15,5,18,4,13,8,17,29,47,76,76,36,36,6,20,4,11,3,14,6,23,6,16,6,20,14,14,5,19,17,17,9,17,15,15,7,16,5,20
12066,Bryan,Coulter,RB,Draft,70,211,20,50,"West Virginia","Draft Eligible",,38,40,40,45,45,85,85,92,92,67,67,6,16,15,15,10,10,10,10,4,14,11,11,3,10,10,15,15,23,8,31,87,87,4,15,6,14,24,62,27,61,15,51,5,19,15,59,17,17,21,21,3,11,4,12,3,14,7,9,4,17,7,13,14,14,10,15,43,43,7,14,7,14,7,11,3,9
12131,William,Pitts,C,Draft,75,289,29,50,Mississippi,"Draft Eligible",,92,34,34,33,33,65,65,67,67,56,56,5,19,15,15,15,15,13,13,5,10,17,17,3,10,7,12,4,17,6,14,17,17,2,8,4,14,3,10,4,15,4,11,42,44,14,28,66,66,49,49,4,16,5,8,5,15,8,17,3,12,3,14,12,12,13,15,13,13,6,17,5,18,4,15,3,14
12205,Justin,West,MLB,Draft,73,244,29,50,Other,"Draft Eligible",,76,76,76,76,76,66,66,99,99,65,65,4,13,10,10,13,13,8,8,3,12,4,4,2,6,7,11,5,12,4,9,11,11,15,15,42,44,2,10,2,8,3,13,4,14,3,8,9,9,10,10,4,15,6,22,3,12,4,9,4,10,4,14,13,13,4,15,14,14,16,36,10,41,27,35,6,10
11968,Harold,King,CB,Draft,72,218,20,50,Hawaii,"Draft Eligible",,80,46,46,37,37,56,56,93,93,76,76,2,10,12,12,16,16,11,11,3,12,16,16,5,8,2,8,4,16,3,12,13,13,12,47,17,36,5,15,3,12,17,52,2,8,3,13,10,10,14,14,19,77,29,69,9,18,3,14,3,13,2,6,7,7,10,15,22,22,20,82,21,84,35,65,9,35
11979,Grant,Slaughter,FB,Draft,72,242,21,50,Alabama,"Draft Eligible",,64,43,43,58,58,77,77,89,89,78,78,5,18,13,13,12,12,15,15,3,11,16,16,3,12,8,17,7,26,14,23,79,79,4,8,5,16,19,75,11,44,11,44,26,57,12,47,10,10,12,12,2,9,5,18,2,9,4,16,2,7,6,18,15,15,4,14,13,13,9,16,5,19,4,17,2,8
12240,Victor,Koonce,TE,Draft,77,251,20,50,Baylor,"Draft Eligible",,30,45,45,26,26,63,63,38,38,88,88,7,9,9,9,10,10,11,11,3,10,8,8,5,7,24,64,23,93,10,40,81,81,3,13,3,9,22,36,30,37,12,47,7,29,4,17,63,63,39,39,2,8,1,6,7,8,5,12,8,9,2,7,12,12,6,11,9,9,8,16,2,9,2,8,3,11
12263,Rey,Toler,LDE,Draft,78,275,24,50,UCLA,"Draft Eligible",,82,41,41,40,40,89,89,55,55,64,64,5,19,15,15,8,8,12,12,3,12,15,15,3,13,4,12,2,9,3,11,13,13,8,30,14,56,3,14,2,8,5,13,3,13,3,12,10,10,12,12,10,42,40,59,3,12,3,10,3,6,6,17,9,9,2,7,13,13,41,85,19,77,26,56,19,78
12018,David,Dunlap,WR,Draft,74,208,25,50,Tennessee,"Draft Eligible",,36,74,74,73,73,57,57,48,48,44,44,3,12,7,7,6,6,8,8,2,7,6,6,3,10,4,15,10,38,8,31,78,78,2,8,3,8,2,7,47,61,13,51,5,20,2,8,8,8,6,6,4,8,2,9,2,9,2,7,6,9,1,6,7,7,2,7,92,92,3,10,3,6,5,10,3,12
12031,Jerry,Hawkins,RB,Draft,71,202,20,50,Alabama,"Draft Eligible",,32,36,36,92,92,70,70,93,93,62,62,3,10,14,14,11,11,9,9,6,10,6,6,4,9,39,63,9,38,12,47,84,84,3,11,3,12,14,57,13,50,8,15,50,77,47,90,15,15,9,9,3,12,4,9,2,8,2,6,6,9,5,14,11,11,10,10,34,34,3,13,3,7,7,10,4,14
12088,Michael,Cooper,WR,Draft,72,172,25,49,Colorado,"Draft Eligible",,68,86,86,49,49,86,86,100,100,52,52,4,7,8,8,4,4,5,5,2,7,7,7,3,8,8,34,12,29,7,29,72,72,3,6,1,5,2,9,4,15,10,40,9,12,3,12,8,8,6,6,2,8,5,8,5,8,2,8,2,4,1,6,4,4,2,7,23,23,1,5,2,7,1,5,4,6
12184,Jimmie,Childs,LT,Draft,76,331,24,49,"Notre Dame","Draft Eligible",,12,75,75,45,45,73,73,88,88,96,96,4,15,12,12,18,18,14,14,4,10,7,7,8,10,4,15,3,13,4,16,14,14,3,14,5,14,3,10,6,9,4,9,9,15,11,42,18,18,84,84,5,10,4,16,2,10,4,13,7,14,4,12,11,11,3,13,14,14,4,8,3,11,4,13,2,7
12206,Thomas,Maresca,RG,Draft,76,305,21,49,Tulsa,"Draft Eligible",,46,28,28,69,69,49,49,91,91,75,75,5,13,6,6,13,13,13,13,12,13,8,8,2,8,4,13,4,16,6,10,6,6,2,9,2,8,8,13,2,7,3,12,13,40,11,44,27,27,82,82,2,10,3,9,2,9,2,5,2,9,4,8,11,11,3,10,10,10,3,10,3,13,3,9,7,9
11990,John,Martin,RDE,Draft,77,267,24,49,Minnesota,"Draft Eligible",,64,64,64,30,30,72,72,84,84,34,34,3,10,9,9,10,10,12,12,4,9,6,6,5,12,4,14,3,12,3,11,16,16,20,44,6,25,4,8,2,9,3,8,2,8,4,15,2,2,10,10,17,40,23,39,3,11,3,13,3,10,3,14,11,11,3,10,9,9,29,77,21,85,15,58,23,92
12005,Gary,Robison,C,Draft,75,300,28,49,"Angelo State","Draft Eligible",,22,63,63,54,54,43,43,87,87,79,79,2,8,7,7,9,9,8,8,2,7,8,8,2,10,2,10,2,6,7,10,8,8,1,5,6,8,2,8,2,6,2,7,20,44,11,15,78,78,42,42,4,10,2,7,1,4,5,8,3,8,2,7,6,6,3,4,11,11,2,10,3,5,2,8,2,7
12266,Derrick,Hill,MLB,Draft,75,239,25,49,"Appalachian State","Draft Eligible",,24,34,34,61,61,100,100,81,81,45,45,2,7,12,12,8,8,8,8,4,8,11,11,3,5,2,7,2,8,2,9,10,10,14,58,9,36,2,8,5,12,5,7,5,9,3,10,7,7,7,7,22,38,24,24,2,8,2,6,4,6,2,6,8,8,2,9,7,7,4,15,12,47,10,20,21,85
12271,Jared,Parker,RG,Draft,75,314,24,49,Minnesota,"Draft Eligible",,6,53,53,51,51,65,65,96,96,74,74,7,18,17,17,20,20,24,24,4,15,18,18,4,16,9,16,2,7,3,12,13,13,5,11,1,4,4,15,8,17,3,11,13,52,4,15,82,82,48,48,8,17,5,11,4,15,3,12,6,21,5,16,13,13,3,14,14,14,4,14,3,10,5,18,5,18
12272,Zachary,Aronson,CB,Draft,71,203,22,49,"South Carolina","Draft Eligible",,30,56,56,53,53,94,94,44,44,67,67,2,10,9,9,8,8,7,7,5,9,8,8,3,10,3,7,2,8,2,9,6,6,32,32,49,49,10,10,2,10,13,22,2,9,2,6,8,8,12,12,15,36,25,100,3,10,2,6,5,10,3,7,11,11,6,13,86,86,8,15,10,37,12,48,12,48
12041,Daniel,Rossi,RB,Draft,71,223,22,48,Pittsburgh,"Draft Eligible",,32,59,59,90,90,37,37,90,90,80,80,6,9,8,8,5,5,7,7,8,8,5,5,6,7,25,44,13,54,8,15,97,97,2,9,5,9,14,55,8,34,21,28,4,14,33,57,8,8,8,8,2,8,2,7,6,9,2,8,1,5,3,9,5,5,10,12,28,28,4,6,6,9,4,5,7,8
12067,Perry,Cuthbertson,WLB,Draft,72,252,25,48,"Oklahoma State","Draft Eligible",,94,75,75,79,79,74,74,67,67,99,99,2,9,9,9,16,16,11,11,2,8,10,10,6,16,3,13,4,14,5,9,12,12,4,15,14,58,12,12,4,17,4,16,3,10,9,11,16,16,9,9,4,15,9,15,6,17,3,13,9,15,4,11,12,12,8,17,14,14,35,100,55,55,14,24,12,46
12119,John,Casella,WR,Draft,73,197,26,48,"Ohio State","Draft Eligible",,86,90,90,45,45,78,78,67,67,61,61,2,7,7,7,11,11,10,10,2,8,11,11,3,12,7,15,4,15,8,25,81,81,1,5,1,5,2,9,13,27,24,36,17,66,2,7,8,8,5,5,3,13,2,9,3,12,4,8,2,9,4,7,11,11,5,8,53,53,7,12,9,9,5,10,4,9
12250,Matthew,Johnson,WR,Draft,72,187,25,48,Nebraska,"Draft Eligible",,82,65,65,65,65,73,73,44,44,70,70,8,14,11,11,11,11,13,13,2,8,14,14,2,7,4,15,43,52,16,54,49,49,3,14,8,16,3,13,7,15,28,68,33,73,3,10,5,5,12,12,3,6,4,16,2,8,3,13,4,13,3,14,9,9,9,17,92,92,4,15,4,15,4,15,5,18
12010,William,Thompson,LG,Draft,77,304,24,48,"Boise State","Draft Eligible",,36,74,74,66,66,71,71,46,46,78,78,1,5,6,6,7,7,5,5,2,7,7,7,2,7,2,6,3,5,4,6,7,7,1,5,7,8,4,6,2,6,2,8,6,19,9,36,60,60,44,44,2,9,2,7,3,6,2,6,3,6,2,7,7,7,1,3,7,7,5,8,5,7,5,5,7,8
12270,Charles,Thiele,WR,Draft,72,196,23,48,Baylor,"Draft Eligible",,58,68,68,30,30,57,57,45,45,42,42,2,6,9,9,8,8,5,5,4,6,5,5,4,8,7,15,19,48,10,41,85,85,4,9,3,7,2,9,14,15,20,67,4,16,8,8,8,8,4,4,2,7,1,4,3,8,2,8,2,7,2,9,5,5,2,9,79,79,9,9,2,7,2,9,2,4
12047,Kris,Johnson,WR,Draft,73,218,19,47,California,"Draft Eligible",,84,46,46,47,47,87,87,49,49,91,91,3,7,12,12,4,4,12,12,2,3,13,13,2,9,12,49,8,33,12,49,74,74,6,9,2,8,2,6,4,15,21,43,12,48,2,9,13,13,10,10,4,16,2,7,9,11,3,14,3,12,2,8,11,11,4,9,96,96,4,11,2,10,9,10,2,8
12053,Donovan,Bernstein,QB,Draft,76,227,22,47,"Jackson State","Draft Eligible",,22,63,63,24,24,84,84,92,92,98,98,8,33,24,24,46,46,40,40,11,44,52,52,13,15,6,12,4,8,3,12,14,14,2,7,2,10,90,99,28,76,23,91,2,7,3,9,9,9,16,16,3,9,4,7,4,13,3,14,4,11,5,8,49,49,2,9,11,11,7,14,4,13,4,12,3,13
12059,Dominique,Lovelady,RG,Draft,76,322,24,47,"North Carolina","Draft Eligible",,44,33,33,51,51,96,96,59,59,63,63,7,11,12,12,9,9,13,13,9,12,11,11,5,12,3,11,5,11,2,8,8,8,3,11,3,12,3,13,3,13,4,10,8,33,6,15,80,80,77,77,10,11,3,11,2,9,4,8,4,9,3,12,9,9,2,10,12,12,3,11,3,13,3,10,3,14
12077,Stephen,Webb,RG,Draft,76,315,24,47,Wesley,"Draft Eligible",,64,71,71,40,40,81,81,63,63,45,45,5,5,7,7,7,7,5,5,2,6,5,5,2,7,2,7,2,4,2,4,6,6,5,8,2,7,1,4,1,5,1,5,11,35,5,19,42,42,39,39,1,4,2,7,2,7,3,9,1,5,3,4,8,8,2,7,5,5,2,6,2,6,1,4,4,5
12135,Terry,Talbott,SLB,Draft,73,261,23,47,Grambling,"Draft Eligible",,80,37,37,42,42,99,99,61,61,30,30,2,5,5,5,5,5,5,5,3,7,5,5,2,7,1,6,4,8,2,6,7,7,17,45,25,81,2,7,1,6,3,8,4,7,3,7,7,7,7,7,9,37,4,16,3,8,2,6,4,7,2,8,6,6,8,8,8,8,17,32,9,36,16,47,9,35
12158,David,Johnson,TE,Draft,75,263,22,47,Alabama,"Draft Eligible",,0,63,63,76,76,80,80,91,91,71,71,5,10,11,11,7,7,8,8,6,11,7,7,3,12,16,41,4,15,4,15,78,78,3,11,4,9,8,33,5,15,5,18,14,54,10,27,31,31,24,24,2,7,3,7,3,10,4,16,2,8,3,14,9,9,2,10,8,8,2,5,6,11,2,7,6,10
12163,Robert,Murillo,WR,Draft,71,195,24,47,Temple,"Draft Eligible",,12,94,94,48,48,94,94,89,89,35,35,4,6,5,5,5,5,6,6,5,7,8,8,3,8,4,17,4,15,6,23,59,59,2,8,1,6,1,5,25,41,4,15,24,95,4,8,6,6,7,7,2,7,2,7,2,5,5,5,1,5,2,8,8,8,2,8,23,23,1,5,3,7,2,7,2,9
11966,Tyler,Tracy,SLB,Draft,73,228,22,47,Purdue,"Draft Eligible",,80,38,38,46,46,68,68,65,65,51,51,3,11,11,11,11,11,10,10,3,13,12,12,3,10,3,10,6,9,6,9,13,13,4,15,5,22,5,8,3,5,2,9,3,13,3,10,12,12,9,9,16,52,15,60,6,7,3,13,3,12,3,14,12,12,4,11,12,12,19,49,18,52,22,64,41,97
12002,Alberto,Savino,FB,Draft,71,231,17,47,Washington,"Draft Eligible",,4,42,42,44,44,43,43,55,55,96,96,6,10,8,8,10,10,9,9,6,14,7,7,4,17,7,21,35,79,13,22,26,26,7,18,4,13,13,51,26,36,21,85,25,100,5,21,11,11,11,11,2,8,13,13,10,13,3,10,3,10,3,13,13,13,3,12,7,7,4,18,4,11,7,15,7,13
12273,Timothy,Delgado,WR,Draft,72,207,24,47,"Mississippi State","Draft Eligible",,72,77,77,73,73,72,72,53,53,74,74,4,13,7,7,13,13,11,11,3,9,9,9,2,8,5,18,10,40,5,15,65,65,2,8,2,7,3,13,12,49,4,15,12,48,2,8,8,8,8,8,2,8,3,12,3,13,11,13,4,10,9,12,7,7,9,14,65,65,1,6,3,13,4,7,3,10
12058,Juan,Johnson,SS,Draft,73,194,22,46,"Ohio State","Draft Eligible",,20,78,78,77,77,92,92,49,49,71,71,3,11,7,7,6,6,5,5,3,7,7,7,1,6,7,10,6,12,3,10,11,11,12,49,18,73,13,13,3,8,4,15,13,16,1,5,10,10,15,15,25,84,4,15,5,9,6,11,4,9,3,10,11,11,3,10,10,10,11,29,12,49,4,15,4,15
12183,Paul,Marcoux,TE,Draft,78,261,20,46,Nebraska,"Draft Eligible",,32,54,54,40,40,45,45,54,54,85,85,3,10,11,11,11,11,11,11,2,7,5,5,5,7,15,60,13,15,6,23,91,91,13,16,7,11,5,15,20,64,13,53,8,33,13,51,18,18,49,49,6,11,1,2,2,9,3,11,1,2,2,9,10,10,2,8,10,10,9,13,2,6,5,10,3,10
12187,Gregory,Williams,TE,Draft,77,252,18,46,"Kent State","Draft Eligible",,50,49,49,57,57,43,43,51,51,87,87,4,12,14,14,15,15,13,13,4,16,8,8,3,11,13,29,12,15,32,95,51,51,4,12,4,9,4,15,9,36,8,32,8,32,25,100,62,62,34,34,10,13,3,10,3,11,16,16,4,7,4,10,8,8,2,10,14,14,4,7,6,13,3,10,3,12
12189,Steve,Wade,QB,Draft,75,216,18,46,"Southern California","Draft Eligible",,72,19,19,58,58,93,93,74,74,32,32,4,15,74,74,36,36,49,49,12,49,44,44,14,58,4,6,3,9,4,12,8,8,2,7,6,10,17,27,8,26,22,86,3,14,1,5,12,12,12,12,3,12,5,9,4,8,2,10,9,11,2,9,68,68,2,9,12,12,3,11,4,10,3,10,3,7
12227,Ray,David,MLB,Draft,74,248,20,46,Other,"Draft Eligible",,86,62,62,30,30,60,60,57,57,97,97,2,7,11,11,12,12,10,10,5,8,5,5,4,9,2,8,3,10,4,7,10,10,8,32,29,100,4,7,1,4,4,9,2,8,3,10,9,9,6,6,11,25,10,39,3,7,2,8,2,8,5,12,8,8,2,7,8,8,24,60,35,47,9,30,21,84
12234,Karl,Carter,C,Draft,73,273,24,46,Missouri,"Draft Eligible",,12,41,41,54,54,77,77,37,37,40,40,8,8,6,6,8,8,7,7,2,7,4,4,2,5,2,5,1,4,1,3,7,7,3,6,2,6,2,5,1,4,5,8,5,22,7,29,60,60,77,77,2,9,2,9,2,5,3,8,2,6,2,8,5,5,4,7,8,8,2,6,4,6,1,6,2,8
12043,Johnny,Hartig,CB,Draft,72,189,24,45,"West Virginia","Draft Eligible",,68,96,96,49,49,51,51,87,87,74,74,3,7,6,6,4,4,6,6,2,7,9,9,2,5,2,8,2,6,4,6,6,6,15,20,37,62,3,8,3,9,21,60,1,4,5,7,8,8,2,2,6,14,4,15,4,4,1,5,2,7,1,5,6,6,1,4,83,83,29,35,26,38,5,15,6,25
12050,Ray,Roche,DT,Draft,74,303,18,45,"Southern California","Draft Eligible",,30,61,61,31,31,44,44,84,84,45,45,1,5,10,10,7,7,12,12,4,9,13,13,4,8,4,11,4,17,8,16,11,11,14,49,19,36,3,11,3,14,7,7,5,16,2,8,8,8,5,5,8,32,13,53,4,4,5,9,1,5,3,12,15,15,7,14,8,8,13,33,27,83,19,38,19,78
12235,Freddie,Gordon,QB,Draft,74,225,22,45,"San Jose State","Draft Eligible",,10,85,85,13,13,49,49,94,94,38,38,5,15,41,41,40,40,32,32,13,53,35,35,8,21,5,11,2,9,4,11,10,10,2,7,2,6,45,47,70,93,5,21,3,13,7,11,9,9,11,11,7,9,3,10,3,11,3,10,6,9,3,13,60,60,2,7,9,9,3,12,3,13,7,10,8,10
12256,Robert,Samora,RB,Draft,70,217,20,45,Idaho,"Draft Eligible",,34,73,73,39,39,84,84,69,69,51,51,3,12,10,10,11,11,11,11,2,9,9,9,4,13,22,54,41,100,9,37,43,43,2,8,4,10,8,33,5,15,4,15,22,87,6,20,10,10,15,15,3,10,1,4,3,14,4,13,2,9,3,10,13,13,6,11,92,92,3,13,3,12,6,9,5,11
12084,David,Gonzales,WLB,Draft,72,228,21,44,UCLA,"Draft Eligible",,68,72,72,40,40,94,94,82,82,98,98,2,7,8,8,8,8,5,5,7,9,6,6,2,9,1,4,1,6,4,8,8,8,4,15,24,94,2,8,5,7,2,3,4,7,3,10,10,10,8,8,6,24,4,15,6,11,2,9,4,6,6,9,6,6,3,10,6,6,7,26,12,19,11,35,4,14
12151,Roy,Cost,WR,Draft,71,196,22,44,"Nevada - Las Vegas","Draft Eligible",,62,36,36,42,42,80,80,73,73,59,59,2,10,11,11,10,10,11,11,2,7,10,10,2,6,21,50,4,15,15,33,82,82,1,5,4,8,2,6,8,15,18,50,12,47,3,6,4,4,4,4,0,1,4,10,3,10,1,3,2,7,9,11,9,9,8,8,93,93,2,8,2,9,4,10,6,9
12237,Lincoln,Daniel,RT,Draft,76,329,25,44,Massachusetts,"Draft Eligible",,46,41,41,70,70,80,80,62,62,93,93,3,12,11,11,10,10,9,9,2,9,12,12,5,9,7,13,2,8,3,10,11,11,2,9,5,13,4,10,5,12,7,7,5,15,4,15,21,21,95,95,7,10,2,9,6,14,3,10,3,12,2,8,8,8,1,6,10,10,2,9,3,12,3,9,2,8
12262,John,Alonzo,RDE,Draft,76,282,19,44,Tulsa,"Draft Eligible",,42,36,36,59,59,61,61,37,37,26,26,4,6,7,7,6,6,7,7,1,4,6,6,2,5,1,5,2,7,5,6,8,8,16,64,21,29,3,5,2,7,3,10,2,6,2,8,7,7,7,7,4,15,10,39,1,3,1,5,2,4,1,6,9,9,4,8,5,5,65,89,20,78,41,64,3,12
12072,Edward,Mitchell,CB,Draft,72,193,21,43,Baylor,"Draft Eligible",,0,52,52,40,40,100,100,86,86,88,88,4,9,6,6,5,5,6,6,2,7,6,6,2,7,2,6,3,9,2,7,8,8,15,62,29,82,3,9,3,7,19,54,4,9,2,6,6,6,6,6,32,90,11,24,4,7,3,11,2,6,2,5,6,6,2,8,85,85,31,39,9,33,8,22,7,29
12095,Joseph,Okeefe,CB,Draft,72,211,18,43,"Jackson State","Draft Eligible",,52,79,79,28,28,82,82,36,36,81,81,3,7,12,12,4,4,8,8,2,9,8,8,3,5,1,6,2,8,2,9,6,6,11,15,10,15,6,6,4,9,15,50,2,9,2,7,7,7,9,9,21,83,20,79,2,9,5,8,2,5,2,7,7,7,1,5,62,62,4,15,18,56,9,37,10,39
12118,Jonathan,Carlson,TE,Draft,77,247,21,43,"Arkansas State","Draft Eligible",,34,58,58,77,77,72,72,79,79,96,96,2,5,6,6,6,6,6,6,2,10,5,5,2,7,12,47,5,20,23,33,32,32,1,4,3,6,4,15,4,16,13,39,7,27,7,28,78,78,68,68,4,6,1,5,2,7,6,9,1,5,2,7,9,9,1,5,8,8,3,8,1,5,2,7,1,6
12142,Elliot,McMillan,RG,Draft,76,314,21,43,Other,"Draft Eligible",,0,61,61,55,55,47,47,52,52,73,73,11,11,8,8,10,10,6,6,4,15,18,18,12,12,3,14,3,10,3,10,13,13,4,7,7,11,3,10,10,17,3,8,15,47,4,15,52,52,40,40,7,12,4,15,3,13,4,11,3,11,3,11,7,7,4,14,16,16,3,11,5,15,2,7,3,14
12229,David,Richard,LT,Draft,77,308,18,43,Nebraska,"Draft Eligible",,4,36,36,19,19,45,45,86,86,68,68,3,9,8,8,8,8,5,5,1,4,9,9,0,1,2,5,3,5,3,7,8,8,6,6,4,6,1,4,2,6,4,7,11,24,14,56,76,76,48,48,2,7,5,7,4,6,2,8,2,8,3,8,6,6,3,8,10,10,2,7,3,7,2,7,3,5
12232,Joseph,Dawson,CB,Draft,71,191,20,43,Sewanee,"Draft Eligible",,96,51,51,51,51,60,60,92,92,48,48,5,11,9,9,11,11,9,9,5,6,6,6,2,8,2,9,1,4,2,5,5,5,33,63,24,30,4,9,3,11,53,63,2,8,2,8,4,4,11,11,22,89,16,65,1,5,2,7,4,11,2,7,5,5,1,5,55,55,7,27,4,16,18,37,4,17
11982,Norman,Miracle,FB,Draft,73,241,21,43,"West Virginia State","Draft Eligible",,30,45,45,60,60,89,89,48,48,40,40,2,6,4,4,4,4,8,8,2,5,10,10,2,7,13,37,12,47,4,18,55,55,3,5,3,12,29,39,47,67,10,16,8,28,10,15,9,9,4,4,2,4,2,7,4,7,1,6,6,7,2,6,7,7,1,6,8,8,1,5,2,4,2,7,1,6
11991,Frank,Foster,LG,Draft,76,307,25,43,"Tenn. - Chattanooga","Draft Eligible",,98,73,73,66,66,71,71,50,50,65,65,1,4,7,7,6,6,6,6,5,6,4,4,3,6,2,4,1,4,1,5,4,4,3,7,2,7,2,7,4,6,2,7,15,18,4,15,32,32,81,81,5,9,2,6,3,5,2,5,3,5,2,7,5,5,2,7,8,8,1,5,3,10,5,6,2,6
12093,David,Young,LDE,Draft,75,266,20,42,Nevada,"Draft Eligible",,86,63,63,45,45,35,35,68,68,41,41,3,13,7,7,9,9,10,10,6,7,7,7,3,11,3,7,3,11,2,10,10,10,20,42,19,34,8,12,5,9,10,10,3,12,3,12,11,11,7,7,4,15,14,58,3,11,3,12,2,8,1,6,4,4,3,10,10,10,6,24,9,36,27,78,20,35
12125,Jason,Schulte,FS,Draft,72,192,19,42,"Arizona State","Draft Eligible",,28,81,81,36,36,66,66,77,77,40,40,4,15,10,10,10,10,10,10,3,9,14,14,3,13,2,10,3,10,2,7,10,10,11,42,39,60,2,8,3,11,19,69,3,10,3,11,8,8,9,9,11,36,7,15,6,8,5,13,3,9,3,10,15,15,2,9,99,99,10,38,13,52,8,32,7,15
12127,Ethan,Harris,WR,Draft,71,213,21,42,"Wayne State (Neb.)","Draft Eligible",,60,56,56,34,34,96,96,29,29,27,27,2,7,5,5,9,9,9,9,2,10,10,10,3,10,4,17,6,24,13,17,96,96,3,9,4,10,2,7,22,88,9,28,39,74,2,9,6,6,9,9,3,7,3,9,6,12,2,7,2,7,3,7,8,8,1,4,25,25,2,7,3,10,6,12,2,10
12149,Chad,Zielinski,WR,Draft,70,188,23,42,"Kent State","Draft Eligible",,4,60,60,25,25,33,33,76,76,20,20,2,8,6,6,2,2,7,7,4,7,7,7,1,5,6,22,5,18,18,31,97,97,1,5,3,8,1,5,13,15,12,17,33,86,2,8,4,4,4,4,4,8,1,5,2,7,1,6,1,6,3,7,3,3,1,3,47,47,1,5,2,8,2,8,2,4
12165,Alec,Aguirre,RDE,Draft,75,291,23,42,"Eastern Kentucky","Draft Eligible",,22,75,75,38,38,64,64,48,48,79,79,3,7,8,8,8,8,8,8,4,4,11,11,2,7,6,10,2,8,2,9,5,5,4,15,38,69,2,6,3,10,2,5,2,8,2,7,8,8,8,8,14,23,12,34,2,7,5,10,4,6,10,14,8,8,2,9,6,6,8,32,16,60,30,97,37,88
11941,Jeffery,Oconnell,SS,Draft,72,200,18,42,"Air Force","Draft Eligible",,50,83,83,27,27,30,30,42,42,23,23,2,7,7,7,9,9,7,7,2,9,9,9,1,6,2,7,2,9,5,6,7,7,13,34,7,28,2,5,2,7,15,54,2,7,2,9,6,6,7,7,15,61,12,30,1,4,1,5,5,5,1,6,7,7,2,6,12,12,22,39,4,17,11,43,15,41
12275,Eric,Shelton,MLB,Draft,74,246,22,42,Maryland,"Draft Eligible",,2,24,24,80,80,63,63,57,57,94,94,1,5,4,4,9,9,8,8,2,8,5,5,1,5,2,7,6,9,2,7,5,5,14,32,15,62,3,8,2,9,2,8,2,7,2,7,6,6,7,7,4,15,15,15,2,7,1,6,1,6,3,6,5,5,1,4,5,5,5,20,20,41,18,36,52,75
12004,Harold,McArdle,WR,Draft,73,192,24,41,"New Hampshire","Draft Eligible",,30,94,94,68,68,81,81,96,96,72,72,3,7,7,7,4,4,7,7,1,3,6,6,2,8,13,15,13,17,4,15,21,21,3,5,2,5,2,6,4,15,10,26,6,18,2,8,6,6,7,7,2,8,3,6,4,6,1,5,3,6,3,6,8,8,3,6,74,74,1,5,2,8,2,7,2,3
12288,David,Miele,WR,Draft,71,198,19,40,MIT,"Draft Eligible",,20,28,28,21,21,39,39,53,53,70,70,1,3,8,8,7,7,7,7,3,4,9,9,2,6,8,34,11,30,9,16,91,91,4,6,1,6,3,10,36,53,32,43,24,96,2,5,9,9,8,8,1,6,2,8,7,9,2,6,3,8,2,4,6,6,2,6,91,91,2,7,2,9,3,8,1,5
12082,James,Holt,MLB,Draft,75,254,20,40,"Coast Guard","Draft Eligible",,46,42,42,24,24,74,74,48,48,55,55,2,7,10,10,6,6,4,4,4,11,4,4,4,11,3,9,6,9,2,6,9,9,5,20,15,60,1,5,2,9,1,4,1,5,2,6,9,9,7,7,7,15,12,38,3,13,3,9,2,7,1,3,7,7,4,7,9,9,5,19,14,58,32,48,4,11
12179,Rolando,Kort,FB,Draft,72,254,19,40,Arizona,"Draft Eligible",,12,78,78,43,43,89,89,23,23,95,95,1,6,5,5,7,7,5,5,2,7,6,6,2,5,7,15,27,89,16,62,30,30,3,10,6,6,4,15,21,21,7,19,6,26,7,26,10,10,6,6,1,5,4,5,4,6,4,6,5,8,3,7,7,7,3,9,7,7,2,7,2,7,2,6,1,3
12180,Randy,Martin,TE,Draft,75,265,20,40,Vanderbilt,"Draft Eligible",,18,77,77,26,26,94,94,65,65,69,69,7,10,4,4,14,14,5,5,1,5,5,5,2,8,4,16,15,34,4,15,32,32,1,4,2,7,5,19,29,36,32,50,8,24,4,15,21,21,58,58,3,11,2,6,6,9,3,11,4,8,5,9,9,9,4,6,10,10,1,4,5,11,3,10,7,10
11996,Gary,Walters,MLB,Draft,74,244,18,40,"New Hampshire","Draft Eligible",,42,40,40,53,53,58,58,39,39,70,70,6,9,8,8,10,10,3,3,3,11,15,15,1,4,2,8,2,9,8,13,5,5,9,35,15,37,3,8,6,11,2,8,3,11,4,6,11,11,10,10,15,61,6,25,4,11,2,8,3,11,8,11,10,10,4,9,14,14,5,15,9,15,8,29,17,68
12025,Matthew,Calvin,FB,Draft,72,234,17,40,"Western Carolina","Draft Eligible",,80,58,58,47,47,62,62,34,34,23,23,1,6,7,7,6,6,6,6,3,4,7,7,2,7,13,35,57,79,8,18,28,28,2,7,1,6,11,45,20,47,9,38,28,42,7,15,6,6,6,6,2,7,2,8,1,5,2,9,2,8,1,5,4,4,2,7,6,6,2,6,4,7,1,5,1,5
12046,Fletcher,Rosen,WR,Draft,73,183,20,39,"Georgia Tech","Draft Eligible",,14,71,71,49,49,80,80,73,73,68,68,2,9,13,13,11,11,10,10,4,10,11,11,3,8,4,17,4,15,14,31,41,41,4,14,2,10,4,9,10,15,39,42,38,59,7,12,9,9,11,11,3,7,3,8,2,8,2,8,5,9,6,13,10,10,2,9,68,68,3,7,2,9,5,12,4,9
12080,Jerry,Franklin,C,Draft,73,278,22,39,"Penn State","Draft Eligible",,20,50,50,26,26,44,44,50,50,86,86,2,6,7,7,8,8,9,9,6,8,9,9,2,6,2,7,3,4,3,6,6,6,3,10,3,13,3,5,2,10,3,9,17,33,10,15,46,46,56,56,9,9,2,7,3,10,3,6,5,11,7,7,12,12,1,6,10,10,3,10,3,10,3,11,1,4
11948,Micheal,McClary,RT,Draft,77,308,20,39,California,"Draft Eligible",,96,71,71,33,33,37,37,81,81,68,68,2,9,14,14,12,12,13,13,3,11,11,11,3,13,5,13,2,7,5,13,10,10,3,14,3,7,3,10,11,12,3,6,7,30,22,30,54,54,24,24,3,11,2,9,3,10,3,12,5,7,2,9,10,10,3,11,11,11,4,9,4,15,5,12,2,9
11951,Charles,Switzer,TE,Draft,76,258,17,39,Georgia,"Draft Eligible",,94,52,52,27,27,64,64,44,44,31,31,2,9,8,8,10,10,9,9,5,8,11,11,2,5,4,15,33,63,12,36,45,45,2,10,3,7,15,22,14,54,17,46,4,15,12,15,90,90,63,63,2,6,4,6,3,11,2,8,6,8,4,8,7,7,4,7,7,7,1,4,2,6,2,9,8,10
12069,Napoleon,Hankins,TE,Draft,76,262,18,38,Oklahoma,"Draft Eligible",,94,76,76,79,79,44,44,26,26,70,70,4,8,7,7,6,6,6,6,2,6,7,7,1,4,7,28,14,40,4,15,29,29,2,8,2,7,9,37,4,15,4,15,6,25,21,38,65,65,18,18,2,8,5,5,2,7,1,6,2,6,2,6,5,5,4,6,6,6,2,6,1,5,2,9,2,7
12139,Richard,Lew,QB,Draft,73,219,17,38,Colorado,"Draft Eligible",,56,31,31,22,22,79,79,78,78,44,44,7,30,83,83,50,50,30,30,6,23,26,26,4,15,6,6,2,3,9,9,10,10,2,9,1,5,7,23,10,25,43,91,5,7,4,9,10,10,10,10,2,7,5,7,2,5,2,8,3,11,2,8,43,43,2,8,8,8,1,6,2,7,3,6,1,4
12144,Keith,Bray,FS,Draft,72,222,19,38,"Virginia Tech","Draft Eligible",,36,74,74,57,57,61,61,46,46,32,32,2,8,8,8,6,6,10,10,2,8,5,5,4,8,2,6,6,10,2,3,7,7,19,21,4,15,3,8,1,6,10,15,4,8,3,7,6,6,3,3,38,99,4,15,2,6,2,9,1,6,2,10,9,9,1,6,82,82,4,15,15,59,8,16,15,51
12174,James,Ehlert,FB,Draft,72,270,12,38,"Middle Tennessee St.","Draft Eligible",,24,12,12,12,12,60,60,56,56,30,30,3,5,6,6,7,7,7,7,2,7,6,6,2,4,19,75,46,94,18,71,46,46,2,6,1,5,12,18,12,46,4,15,8,31,7,18,4,4,7,7,3,7,1,6,6,7,2,3,1,6,1,4,8,8,2,8,6,6,1,4,2,8,4,4,1,6
11976,Jonathan,Anderson,LG,Draft,75,305,19,38,Baylor,"Draft Eligible",,36,35,35,54,54,51,51,89,89,54,54,5,12,15,15,13,13,15,15,6,19,13,13,8,8,4,15,11,17,1,6,13,13,12,12,3,13,4,17,5,20,5,15,7,27,5,15,24,24,43,43,4,14,3,14,3,11,6,23,3,14,3,11,10,10,2,10,15,15,8,13,3,13,6,15,4,17
12277,Ronald,Fitch,WR,Draft,71,203,18,38,"Tenn. - Chattanooga","Draft Eligible",,4,32,32,92,92,67,67,35,35,75,75,4,5,5,5,7,7,6,6,3,5,8,8,1,5,5,19,23,51,6,25,25,25,6,7,4,7,2,10,4,15,19,52,19,76,2,7,7,7,8,8,7,9,2,7,6,6,2,8,1,6,3,5,6,6,5,7,48,48,2,4,2,7,2,6,2,7
12060,Thomas,Boyd,WR,Draft,72,191,18,37,Arizona,"Draft Eligible",,30,45,45,19,19,43,43,64,64,29,29,1,6,7,7,5,5,8,8,2,7,9,9,4,6,20,42,7,15,6,25,69,69,3,8,4,9,2,7,4,16,16,26,72,100,1,6,6,6,6,6,4,6,3,6,3,6,2,7,2,7,3,8,5,5,5,7,63,63,2,5,2,8,1,6,5,7
12114,Michael,Pugsley,C,Draft,75,275,23,37,"Central Michigan","Draft Eligible",,16,80,80,62,62,42,42,48,48,89,89,1,5,8,8,6,6,9,9,1,5,3,3,3,5,3,6,1,6,2,8,3,3,2,9,3,6,1,6,2,8,4,6,19,28,10,15,31,31,26,26,2,6,1,4,5,8,5,6,2,4,2,4,6,6,2,6,5,5,4,6,5,6,1,5,2,7
12137,Isaac,Echols,FB,Draft,72,236,12,37,Other,"Draft Eligible",,84,12,12,11,11,49,49,41,41,77,77,2,8,12,12,9,9,15,15,6,15,15,15,4,10,30,89,10,38,8,21,29,29,3,10,4,15,5,19,8,31,10,21,12,46,27,54,13,13,10,10,4,18,8,8,4,8,8,10,5,14,8,12,20,20,6,13,12,12,5,15,3,11,9,11,2,8
11943,John,Grimes,RT,Draft,78,326,16,37,Washington,"Draft Eligible",,74,25,25,27,27,40,40,36,36,42,42,6,9,6,6,13,13,13,13,5,6,6,6,8,9,8,12,2,9,3,12,10,10,4,15,8,10,5,10,4,15,6,9,8,15,22,57,74,74,55,55,3,13,6,15,4,12,9,10,2,9,1,6,7,7,2,9,11,11,4,12,4,15,3,11,4,10
12241,Jerry,Odom,TE,Draft,76,258,17,37,"Notre Dame","Draft Eligible",,96,30,30,76,76,57,57,51,51,29,29,7,8,7,7,5,5,11,11,3,7,6,6,2,9,9,15,7,15,4,15,51,51,3,6,2,7,8,31,13,54,27,31,9,34,9,16,35,35,63,63,3,9,2,9,4,9,2,8,3,8,3,5,8,8,2,7,8,8,2,7,2,10,4,7,5,8
12265,David,Ziemba,LT,Draft,77,296,19,36,Maryland,"Draft Eligible",,62,76,76,64,64,54,54,56,56,61,61,3,10,11,11,13,13,17,17,3,11,13,13,8,9,3,12,6,12,6,13,15,15,6,14,6,10,5,14,4,11,6,13,4,15,4,15,72,72,82,82,4,10,5,18,3,11,1,4,5,12,5,10,8,8,4,6,6,6,3,11,3,11,4,7,3,7
12285,John,Anthony,RB,Draft,72,213,16,36,Howard,"Draft Eligible",,30,49,49,64,64,54,54,21,21,67,67,2,7,4,4,6,6,5,5,1,3,3,3,2,7,15,15,12,33,19,45,58,58,2,9,1,5,5,17,4,15,11,45,26,47,18,70,3,3,8,8,1,5,3,5,2,6,4,7,2,5,2,9,6,6,3,8,81,81,3,6,2,6,2,5,1,5
12032,Robert,Tucker,K,Draft,73,215,18,35,Baylor,"Draft Eligible",,30,11,11,73,73,88,88,72,72,94,94,12,18,18,18,8,8,12,12,11,16,16,16,12,17,12,14,9,12,8,12,13,13,14,19,12,13,15,16,11,16,8,11,12,18,11,16,11,11,15,15,11,15,11,16,15,21,15,21,11,15,24,33,11,11,9,10,17,17,11,15,10,15,12,16,12,14
12087,Marlon,Eubanks,RG,Draft,75,302,16,35,Tennessee,"Draft Eligible",,64,76,76,19,19,30,30,62,62,36,36,2,8,6,6,6,6,9,9,2,7,5,5,6,7,1,5,2,6,2,7,8,8,2,7,4,7,2,7,2,3,1,6,6,15,12,49,42,42,20,20,1,5,1,4,3,7,4,7,2,7,5,7,6,6,2,6,6,6,2,6,2,5,6,6,4,9
12198,Sung,Pothier,WLB,Draft,74,227,16,35,Clemson,"Draft Eligible",,56,60,60,37,37,34,34,25,25,69,69,5,6,6,6,7,7,8,8,2,8,8,8,3,6,2,4,2,9,5,6,7,7,6,24,37,84,1,5,4,8,3,4,4,4,2,7,5,5,7,7,4,15,4,15,2,7,3,8,1,5,2,8,7,7,2,6,8,8,10,38,15,29,10,40,20,73
12203,Mark,Landry,TE,Draft,76,253,16,34,"Murray State","Draft Eligible",,76,66,66,65,65,39,39,57,57,40,40,2,6,6,6,7,7,7,7,2,7,7,7,3,7,19,27,10,40,11,15,26,26,5,9,3,10,8,33,6,15,5,21,4,15,5,15,67,67,78,78,2,6,1,4,2,7,1,4,1,5,6,8,6,6,1,5,8,8,1,6,1,5,2,9,1,6
12027,Scott,Barnes,QB,Draft,73,224,17,34,"Michigan State","Draft Eligible",,44,71,71,55,55,45,45,61,61,37,37,12,17,14,14,43,43,40,40,7,15,24,24,7,29,8,8,3,11,2,7,10,10,4,8,3,10,14,57,19,78,8,16,3,5,4,8,9,9,8,8,5,6,3,7,2,10,4,8,3,10,2,7,40,40,1,4,5,5,4,8,2,7,7,9,2,8
12035,Gary,Hughes,TE,Draft,76,253,15,33,Pittsburgh,"Draft Eligible",,26,30,30,21,21,80,80,28,28,47,47,2,8,9,9,9,9,8,8,2,7,7,7,2,5,9,34,10,38,8,19,33,33,6,9,2,5,20,40,5,15,11,32,6,25,24,24,19,19,56,56,2,8,4,6,4,8,2,9,1,6,2,7,13,13,3,7,8,8,3,6,4,7,3,5,2,6
11953,Sylvester,Swanson,FB,Draft,73,238,14,33,"Indiana Univ., Pa.","Draft Eligible",,2,17,17,24,24,34,34,44,44,87,87,2,5,4,4,2,2,7,7,6,10,4,4,1,4,11,28,9,17,56,91,81,81,2,7,5,8,4,15,7,15,19,29,6,15,7,27,10,10,5,5,5,8,2,6,1,5,1,4,1,6,3,6,3,3,2,7,8,8,2,5,2,7,4,6,2,7
12172,Kevin,Sisneros,FB,Draft,72,247,13,31,"Elon College","Draft Eligible",,80,72,72,24,24,26,26,42,42,24,24,1,6,7,7,5,5,6,6,2,7,9,9,2,7,11,44,45,93,7,13,17,17,4,7,2,7,5,18,7,27,6,23,28,39,7,19,7,7,8,8,2,4,3,5,2,4,3,4,2,8,1,4,10,10,2,10,4,4,2,6,2,7,2,8,2,7
12156,James,Master,WLB,Draft,73,249,14,30,"Fresno State","Draft Eligible",,16,40,40,32,32,29,29,37,37,34,34,3,5,8,8,7,7,5,5,2,8,7,7,3,5,2,5,3,10,1,4,7,7,5,20,7,13,1,5,2,7,3,6,3,8,2,5,7,7,7,7,6,26,28,44,1,4,1,6,4,9,1,2,7,7,5,8,7,7,26,34,11,44,4,15,18,72
11986,Gregory,Roth,QB,Draft,73,224,12,28,Tennessee,"Draft Eligible",,74,68,68,32,32,31,31,33,33,68,68,6,25,36,36,31,31,48,48,4,15,80,80,9,15,1,4,6,8,1,6,8,8,4,6,2,10,21,70,16,65,4,17,5,7,1,5,4,4,7,7,2,4,2,8,3,6,1,5,2,6,4,8,13,13,2,9,4,4,2,7,6,6,2,6,1,5
12219,Juan,Clark,RDE,Draft,76,266,13,27,"Arizona State","Draft Eligible",,78,41,41,28,28,39,39,30,30,28,28,2,7,6,6,7,7,7,7,2,6,9,9,1,6,3,7,2,7,2,9,9,9,4,15,8,33,3,11,1,6,2,9,2,7,4,10,11,11,8,8,5,18,6,25,3,7,1,3,5,11,4,9,11,11,5,6,10,10,14,56,21,75,73,76,12,14
